Workbook
Name tabOSP: tbResumoR11[#All]
Name tabOSP: #REF!
Name tabOSP: tbResumoR11[#All]
Name tabOSP: #REF!
Name tabOSP: tbResumoR11[#All]
Name tabOSP: #REF!
Name tabOSP: tbResumoR11[#All]
Name tabOSP: #REF!
Name tabOSP: tbResumoR11[#All]
Name tabOSP: #REF!
Name tabOSP: tbResumoR11[#All]
Name tbContratos: 'Tabelas Auxiliares'!$D$3:$E$9
Name tbServicos: 'Tabelas Auxiliares'!$H$4:$H$60
Name tbSituacao: 'Tabelas Auxiliares'!$M$2:$M$10

Sheet DASHBOARD
B2: CONTROLE DE OSPs — LOTE 04
B3: ="Regiões 11, 12, 13, 22, 23 e 24 | "&COUNTIF('BASE DASHBOARD'!$B$4:$B$217,"?*")&" OSPs cadastradas | Atualizado em "&TEXT(TODAY(),"dd/mm/aaaa") -> Regiões 11, 12, 13, 22, 23 e 24 | 199 OSPs cadastradas | Atualizado em 30/09/2026
B5: INSERIR OSP → HISTÓRICO: | D5: Região 11 | F5: Região 12 | H5: Região 13 | J5: Região 22 | L5: Região 23 | N5: Região 24
B6: VER CONSOLIDADO → RESUMO: | D6: Região 11 | F6: Região 12 | H6: Região 13 | J6: Região 22 | L6: Região 23 | N6: Região 24
B7: próxima linha livre → | D7: ="linha "&(4+COUNTA('REGIÃO 11 - HISTÓRICO'!$C$4:$C$506)) -> linha 43 | F7: ="linha "&(4+COUNTA('REGIÃO 12 - HISTÓRICO'!$C$4:$C$497)) -> linha 57 | H7: ="linha "&(4+COUNTA('REGIÃO 13 - HISTÓRICO'!$C$4:$C$571)) -> linha 96 | J7: ="linha "&(4+COUNTA('REGIÃO 22 - HISTÓRICO'!$C$4:$C$507)) -> linha 12 | L7: ="linha "&(4+COUNTA('REGIÃO 23 - HISTÓRICO'!$C$4:$C$506)) -> linha 12 | N7: ="linha "&(4+COUNTA('REGIÃO 24 - HISTÓRICO'!$C$4:$C$509)) -> linha 10
C10: FILTRO — REGIÃO: | D10: REGIÃO 12
D12: N° DE OSPs | G12: VALOR PREVISTO (R$) | J12: TOTAL MEDIDO (R$) | M12: SALDO A MEDIR (R$)
D13: =COUNTIFS('BASE DASHBOARD'!$B$4:$B$217,'BASE DASHBOARD'!$Z$1) -> 53 | G13: =SUMIFS('BASE DASHBOARD'!$I$4:$I$217,'BASE DASHBOARD'!$B$4:$B$217,'BASE DASHBOARD'!$Z$1) -> 9892927 | J13: =SUMIFS('BASE DASHBOARD'!$J$4:$J$217,'BASE DASHBOARD'!$B$4:$B$217,'BASE DASHBOARD'!$Z$1) -> 8793229.6 | M13: =$G$13-$J$13 -> 1099697.4
D15: % DE EXECUÇÃO | G15: OSPs CONCLUÍDAS | J15: OSPs CANCELADAS | M15: VALOR MÉDIO / OSP (R$)
D16: =IFERROR($J$13/$G$13,0) -> 0.88884003 | G16: =COUNTIFS('BASE DASHBOARD'!$B$4:$B$217,'BASE DASHBOARD'!$Z$1,'BASE DASHBOARD'!$L$4:$L$217,"Concluída") -> 44 | J16: =COUNTIFS('BASE DASHBOARD'!$B$4:$B$217,'BASE DASHBOARD'!$Z$1,'BASE DASHBOARD'!$L$4:$L$217,"Cancelada") -> 0 | M16: =IFERROR($G$13/$D$13,0) -> 186659
M20: DETALHAMENTO
D25: FONTE: SISTEMA DE GESTÃO OSP - AGETO

Sheet DETALHAMENTO
B2: DETALHAMENTO OSPs — LOTE 04
B3: ="Regiões 11, 12, 13, 22, 23 e 24 | "&COUNTIF('BASE DASHBOARD'!$B$4:$B$217,"?*")&" OSPs cadastradas | Atualizado em "&TEXT(TODAY(),"dd/mm/aaaa") -> Regiões 11, 12, 13, 22, 23 e 24 | 199 OSPs cadastradas | Atualizado em 30/09/2026
C6: TOP 10 OSPs POR VALOR PREVISTO | J6: TOP 10 SERVIÇOS POR VALOR PREVISTO
C7: OSP | D7: # | E7: REGIÃO | F7: VALOR PREVISTO | G7: % DO TOTAL | J7: SERVIÇO | M7: # | N7: N° OSPs | O7: VALOR PREVISTO | P7: % DO TOTAL
C8: =IFERROR(INDEX('BASE DASHBOARD'!$AG$4:$AG$217,MATCH($D8,'BASE DASHBOARD'!$AJ$4:$AJ$217,0)),"") -> 009.2025.0102 | D8: =ROW()-7 -> 1 | E8: =IF($C8="","",IFERROR(INDEX('BASE DASHBOARD'!$AF$4:$AF$217,MATCH($D8,'BASE DASHBOARD'!$AJ$4:$AJ$217,0)),"")) -> R12 | F8: =IF($C8="","",IFERROR(INDEX('BASE DASHBOARD'!$AH$4:$AH$217,MATCH($D8,'BASE DASHBOARD'!$AJ$4:$AJ$217,0)),0)) -> 1847366.5 | G8: =IF($C8="","",IFERROR($F8/DASHBOARD!$G$13,0)) -> 0.18673609 | J8: =IFERROR(INDEX('BASE DASHBOARD'!$Z$4:$Z$217,MATCH($M8,'BASE DASHBOARD'!$AD$4:$AD$217,0)),"") -> Terraplenagem / Reconformação da plataforma / Recomposição do revestimento primário | M8: =ROW()-7 -> 1 | N8: =IF($J8="","",IFERROR(INDEX('BASE DASHBOARD'!$AA$4:$AA$217,MATCH($M8,'BASE DASHBOARD'!$AD$4:$AD$217,0)),0)) -> 11 | O8: =IF($J8="","",IFERROR(INDEX('BASE DASHBOARD'!$AB$4:$AB$217,MATCH($M8,'BASE DASHBOARD'!$AD$4:$AD$217,0)),0)) -> 6332107.5 | P8: =IF($J8="","",IFERROR($O8/DASHBOARD!$G$13,0)) -> 0.64006411
C9: =IFERROR(INDEX('BASE DASHBOARD'!$AG$4:$AG$217,MATCH($D9,'BASE DASHBOARD'!$AJ$4:$AJ$217,0)),"") -> 009.2025.0085 | D9: =ROW()-7 -> 2 | E9: =IF($C9="","",IFERROR(INDEX('BASE DASHBOARD'!$AF$4:$AF$217,MATCH($D9,'BASE DASHBOARD'!$AJ$4:$AJ$217,0)),"")) -> R12 | F9: =IF($C9="","",IFERROR(INDEX('BASE DASHBOARD'!$AH$4:$AH$217,MATCH($D9,'BASE DASHBOARD'!$AJ$4:$AJ$217,0)),0)) -> 1159513.6 | G9: =IF($C9="","",IFERROR($F9/DASHBOARD!$G$13,0)) -> 0.11720632 | J9: =IFERROR(INDEX('BASE DASHBOARD'!$Z$4:$Z$217,MATCH($M9,'BASE DASHBOARD'!$AD$4:$AD$217,0)),"") -> Roçada / Tapa-Buraco PMF / Remendo profundo | M9: =ROW()-7 -> 2 | N9: =IF($J9="","",IFERROR(INDEX('BASE DASHBOARD'!$AA$4:$AA$217,MATCH($M9,'BASE DASHBOARD'!$AD$4:$AD$217,0)),0)) -> 3 | O9: =IF($J9="","",IFERROR(INDEX('BASE DASHBOARD'!$AB$4:$AB$217,MATCH($M9,'BASE DASHBOARD'!$AD$4:$AD$217,0)),0)) -> 590002.77 | P9: =IF($J9="","",IFERROR($O9/DASHBOARD!$G$13,0)) -> 0.059638848
C10: =IFERROR(INDEX('BASE DASHBOARD'!$AG$4:$AG$217,MATCH($D10,'BASE DASHBOARD'!$AJ$4:$AJ$217,0)),"") -> 009.2025.0097 | D10: =ROW()-7 -> 3 | E10: =IF($C10="","",IFERROR(INDEX('BASE DASHBOARD'!$AF$4:$AF$217,MATCH($D10,'BASE DASHBOARD'!$AJ$4:$AJ$217,0)),"")) -> R12 | F10: =IF($C10="","",IFERROR(INDEX('BASE DASHBOARD'!$AH$4:$AH$217,MATCH($D10,'BASE DASHBOARD'!$AJ$4:$AJ$217,0)),0)) -> 674926.63 | G10: =IF($C10="","",IFERROR($F10/DASHBOARD!$G$13,0)) -> 0.068223149 | J10: =IFERROR(INDEX('BASE DASHBOARD'!$Z$4:$Z$217,MATCH($M10,'BASE DASHBOARD'!$AD$4:$AD$217,0)),"") -> Reconformação da plataforma | M10: =ROW()-7 -> 3 | N10: =IF($J10="","",IFERROR(INDEX('BASE DASHBOARD'!$AA$4:$AA$217,MATCH($M10,'BASE DASHBOARD'!$AD$4:$AD$217,0)),0)) -> 8 | O10: =IF($J10="","",IFERROR(INDEX('BASE DASHBOARD'!$AB$4:$AB$217,MATCH($M10,'BASE DASHBOARD'!$AD$4:$AD$217,0)),0)) -> 496783.32 | P10: =IF($J10="","",IFERROR($O10/DASHBOARD!$G$13,0)) -> 0.05021601
C11: =IFERROR(INDEX('BASE DASHBOARD'!$AG$4:$AG$217,MATCH($D11,'BASE DASHBOARD'!$AJ$4:$AJ$217,0)),"") -> 009.2025.0084 | D11: =ROW()-7 -> 4 | E11: =IF($C11="","",IFERROR(INDEX('BASE DASHBOARD'!$AF$4:$AF$217,MATCH($D11,'BASE DASHBOARD'!$AJ$4:$AJ$217,0)),"")) -> R12 | F11: =IF($C11="","",IFERROR(INDEX('BASE DASHBOARD'!$AH$4:$AH$217,MATCH($D11,'BASE DASHBOARD'!$AJ$4:$AJ$217,0)),0)) -> 664951.83 | G11: =IF($C11="","",IFERROR($F11/DASHBOARD!$G$13,0)) -> 0.067214873 | J11: =IFERROR(INDEX('BASE DASHBOARD'!$Z$4:$Z$217,MATCH($M11,'BASE DASHBOARD'!$AD$4:$AD$217,0)),"") -> Tapa-Buraco PMF | M11: =ROW()-7 -> 4 | N11: =IF($J11="","",IFERROR(INDEX('BASE DASHBOARD'!$AA$4:$AA$217,MATCH($M11,'BASE DASHBOARD'!$AD$4:$AD$217,0)),0)) -> 4 | O11: =IF($J11="","",IFERROR(INDEX('BASE DASHBOARD'!$AB$4:$AB$217,MATCH($M11,'BASE DASHBOARD'!$AD$4:$AD$217,0)),0)) -> 460405.57 | P11: =IF($J11="","",IFERROR($O11/DASHBOARD!$G$13,0)) -> 0.046538863
C12: =IFERROR(INDEX('BASE DASHBOARD'!$AG$4:$AG$217,MATCH($D12,'BASE DASHBOARD'!$AJ$4:$AJ$217,0)),"") -> 009.2025.0076 | D12: =ROW()-7 -> 5 | E12: =IF($C12="","",IFERROR(INDEX('BASE DASHBOARD'!$AF$4:$AF$217,MATCH($D12,'BASE DASHBOARD'!$AJ$4:$AJ$217,0)),"")) -> R12 | F12: =IF($C12="","",IFERROR(INDEX('BASE DASHBOARD'!$AH$4:$AH$217,MATCH($D12,'BASE DASHBOARD'!$AJ$4:$AJ$217,0)),0)) -> 615457.46 | G12: =IF($C12="","",IFERROR($F12/DASHBOARD!$G$13,0)) -> 0.062211867 | J12: =IFERROR(INDEX('BASE DASHBOARD'!$Z$4:$Z$217,MATCH($M12,'BASE DASHBOARD'!$AD$4:$AD$217,0)),"") -> Reconformação da plataforma / Recomposição do revestimento primário | M12: =ROW()-7 -> 5 | N12: =IF($J12="","",IFERROR(INDEX('BASE DASHBOARD'!$AA$4:$AA$217,MATCH($M12,'BASE DASHBOARD'!$AD$4:$AD$217,0)),0)) -> 1 | O12: =IF($J12="","",IFERROR(INDEX('BASE DASHBOARD'!$AB$4:$AB$217,MATCH($M12,'BASE DASHBOARD'!$AD$4:$AD$217,0)),0)) -> 364826.92 | P12: =IF($J12="","",IFERROR($O12/DASHBOARD!$G$13,0)) -> 0.036877551
C13: =IFERROR(INDEX('BASE DASHBOARD'!$AG$4:$AG$217,MATCH($D13,'BASE DASHBOARD'!$AJ$4:$AJ$217,0)),"") -> 009.2025.0083 | D13: =ROW()-7 -> 6 | E13: =IF($C13="","",IFERROR(INDEX('BASE DASHBOARD'!$AF$4:$AF$217,MATCH($D13,'BASE DASHBOARD'!$AJ$4:$AJ$217,0)),"")) -> R12 | F13: =IF($C13="","",IFERROR(INDEX('BASE DASHBOARD'!$AH$4:$AH$217,MATCH($D13,'BASE DASHBOARD'!$AJ$4:$AJ$217,0)),0)) -> 461352.19 | G13: =IF($C13="","",IFERROR($F13/DASHBOARD!$G$13,0)) -> 0.046634549 | J13: =IFERROR(INDEX('BASE DASHBOARD'!$Z$4:$Z$217,MATCH($M13,'BASE DASHBOARD'!$AD$4:$AD$217,0)),"") -> Tapa-Buraco CAE | M13: =ROW()-7 -> 6 | N13: =IF($J13="","",IFERROR(INDEX('BASE DASHBOARD'!$AA$4:$AA$217,MATCH($M13,'BASE DASHBOARD'!$AD$4:$AD$217,0)),0)) -> 3 | O13: =IF($J13="","",IFERROR(INDEX('BASE DASHBOARD'!$AB$4:$AB$217,MATCH($M13,'BASE DASHBOARD'!$AD$4:$AD$217,0)),0)) -> 343391.27 | P13: =IF($J13="","",IFERROR($O13/DASHBOARD!$G$13,0)) -> 0.034710786
C14: =IFERROR(INDEX('BASE DASHBOARD'!$AG$4:$AG$217,MATCH($D14,'BASE DASHBOARD'!$AJ$4:$AJ$217,0)),"") -> 009.2025.0086 | D14: =ROW()-7 -> 7 | E14: =IF($C14="","",IFERROR(INDEX('BASE DASHBOARD'!$AF$4:$AF$217,MATCH($D14,'BASE DASHBOARD'!$AJ$4:$AJ$217,0)),"")) -> R12 | F14: =IF($C14="","",IFERROR(INDEX('BASE DASHBOARD'!$AH$4:$AH$217,MATCH($D14,'BASE DASHBOARD'!$AJ$4:$AJ$217,0)),0)) -> 435739.41 | G14: =IF($C14="","",IFERROR($F14/DASHBOARD!$G$13,0)) -> 0.04404555 | J14: =IFERROR(INDEX('BASE DASHBOARD'!$Z$4:$Z$217,MATCH($M14,'BASE DASHBOARD'!$AD$4:$AD$217,0)),"") -> Tapa-Buraco CAE / Remendo Profundo | M14: =ROW()-7 -> 7 | N14: =IF($J14="","",IFERROR(INDEX('BASE DASHBOARD'!$AA$4:$AA$217,MATCH($M14,'BASE DASHBOARD'!$AD$4:$AD$217,0)),0)) -> 2 | O14: =IF($J14="","",IFERROR(INDEX('BASE DASHBOARD'!$AB$4:$AB$217,MATCH($M14,'BASE DASHBOARD'!$AD$4:$AD$217,0)),0)) -> 322053.46 | P14: =IF($J14="","",IFERROR($O14/DASHBOARD!$G$13,0)) -> 0.03255391
C15: =IFERROR(INDEX('BASE DASHBOARD'!$AG$4:$AG$217,MATCH($D15,'BASE DASHBOARD'!$AJ$4:$AJ$217,0)),"") -> 009.2025.0068 | D15: =ROW()-7 -> 8 | E15: =IF($C15="","",IFERROR(INDEX('BASE DASHBOARD'!$AF$4:$AF$217,MATCH($D15,'BASE DASHBOARD'!$AJ$4:$AJ$217,0)),"")) -> R12 | F15: =IF($C15="","",IFERROR(INDEX('BASE DASHBOARD'!$AH$4:$AH$217,MATCH($D15,'BASE DASHBOARD'!$AJ$4:$AJ$217,0)),0)) -> 364826.92 | G15: =IF($C15="","",IFERROR($F15/DASHBOARD!$G$13,0)) -> 0.036877551 | J15: =IFERROR(INDEX('BASE DASHBOARD'!$Z$4:$Z$217,MATCH($M15,'BASE DASHBOARD'!$AD$4:$AD$217,0)),"") -> Roçada / Tapa-Buraco CAE / Remendo Profundo | M15: =ROW()-7 -> 8 | N15: =IF($J15="","",IFERROR(INDEX('BASE DASHBOARD'!$AA$4:$AA$217,MATCH($M15,'BASE DASHBOARD'!$AD$4:$AD$217,0)),0)) -> 3 | O15: =IF($J15="","",IFERROR(INDEX('BASE DASHBOARD'!$AB$4:$AB$217,MATCH($M15,'BASE DASHBOARD'!$AD$4:$AD$217,0)),0)) -> 315965.76 | P15: =IF($J15="","",IFERROR($O15/DASHBOARD!$G$13,0)) -> 0.031938552
C16: =IFERROR(INDEX('BASE DASHBOARD'!$AG$4:$AG$217,MATCH($D16,'BASE DASHBOARD'!$AJ$4:$AJ$217,0)),"") -> 009.2025.0075 | D16: =ROW()-7 -> 9 | E16: =IF($C16="","",IFERROR(INDEX('BASE DASHBOARD'!$AF$4:$AF$217,MATCH($D16,'BASE DASHBOARD'!$AJ$4:$AJ$217,0)),"")) -> R12 | F16: =IF($C16="","",IFERROR(INDEX('BASE DASHBOARD'!$AH$4:$AH$217,MATCH($D16,'BASE DASHBOARD'!$AJ$4:$AJ$217,0)),0)) -> 295343.5 | G16: =IF($C16="","",IFERROR($F16/DASHBOARD!$G$13,0)) -> 0.029854006 | J16: =IFERROR(INDEX('BASE DASHBOARD'!$Z$4:$Z$217,MATCH($M16,'BASE DASHBOARD'!$AD$4:$AD$217,0)),"") -> Roçada | M16: =ROW()-7 -> 9 | N16: =IF($J16="","",IFERROR(INDEX('BASE DASHBOARD'!$AA$4:$AA$217,MATCH($M16,'BASE DASHBOARD'!$AD$4:$AD$217,0)),0)) -> 11 | O16: =IF($J16="","",IFERROR(INDEX('BASE DASHBOARD'!$AB$4:$AB$217,MATCH($M16,'BASE DASHBOARD'!$AD$4:$AD$217,0)),0)) -> 208416.53 | P16: =IF($J16="","",IFERROR($O16/DASHBOARD!$G$13,0)) -> 0.021067226
C17: =IFERROR(INDEX('BASE DASHBOARD'!$AG$4:$AG$217,MATCH($D17,'BASE DASHBOARD'!$AJ$4:$AJ$217,0)),"") -> 009.2025.0081 | D17: =ROW()-7 -> 10 | E17: =IF($C17="","",IFERROR(INDEX('BASE DASHBOARD'!$AF$4:$AF$217,MATCH($D17,'BASE DASHBOARD'!$AJ$4:$AJ$217,0)),"")) -> R12 | F17: =IF($C17="","",IFERROR(INDEX('BASE DASHBOARD'!$AH$4:$AH$217,MATCH($D17,'BASE DASHBOARD'!$AJ$4:$AJ$217,0)),0)) -> 284302.32 | G17: =IF($C17="","",IFERROR($F17/DASHBOARD!$G$13,0)) -> 0.028737938 | J17: =IFERROR(INDEX('BASE DASHBOARD'!$Z$4:$Z$217,MATCH($M17,'BASE DASHBOARD'!$AD$4:$AD$217,0)),"") -> Roçada / Caiação de EDS e pontes | M17: =ROW()-7 -> 10 | N17: =IF($J17="","",IFERROR(INDEX('BASE DASHBOARD'!$AA$4:$AA$217,MATCH($M17,'BASE DASHBOARD'!$AD$4:$AD$217,0)),0)) -> 4 | O17: =IF($J17="","",IFERROR(INDEX('BASE DASHBOARD'!$AB$4:$AB$217,MATCH($M17,'BASE DASHBOARD'!$AD$4:$AD$217,0)),0)) -> 208338.05 | P17: =IF($J17="","",IFERROR($O17/DASHBOARD!$G$13,0)) -> 0.021059293
C24: COMPARATIVO POR REGIÃO
C25: REGIÃO | D25: CONTRATO | E25: N° OSPs | F25: CONCLUÍDAS | G25: CANCELADAS | H25: VALOR PREVISTO | I25: TOTAL MEDIDO | J25: SALDO | K25: % EXEC.
C26: ='Tabelas Auxiliares'!B4 -> R11 | D26: ='Tabelas Auxiliares'!E4 -> 049.2024 | E26: =COUNTIFS('BASE DASHBOARD'!$B$4:$B$217,$C26) -> 39 | F26: =COUNTIFS('BASE DASHBOARD'!$B$4:$B$217,$C26,'BASE DASHBOARD'!$L$4:$L$217,"Concluída") -> 23 | G26: =COUNTIFS('BASE DASHBOARD'!$B$4:$B$217,$C26,'BASE DASHBOARD'!$L$4:$L$217,"Cancelada") -> 4 | H26: =SUMIFS('BASE DASHBOARD'!$I$4:$I$217,'BASE DASHBOARD'!$B$4:$B$217,$C26) -> 4157179.7 | I26: =SUMIFS('BASE DASHBOARD'!$J$4:$J$217,'BASE DASHBOARD'!$B$4:$B$217,$C26) -> 2632614.4 | J26: =H26-I26 -> 1524565.2 | K26: =IFERROR(I26/H26,0) -> 0.63326934
C27: ='Tabelas Auxiliares'!B5 -> R12 | D27: ='Tabelas Auxiliares'!E5 -> 009.2025 | E27: =COUNTIFS('BASE DASHBOARD'!$B$4:$B$217,$C27) -> 53 | F27: =COUNTIFS('BASE DASHBOARD'!$B$4:$B$217,$C27,'BASE DASHBOARD'!$L$4:$L$217,"Concluída") -> 44 | G27: =COUNTIFS('BASE DASHBOARD'!$B$4:$B$217,$C27,'BASE DASHBOARD'!$L$4:$L$217,"Cancelada") -> 0 | H27: =SUMIFS('BASE DASHBOARD'!$I$4:$I$217,'BASE DASHBOARD'!$B$4:$B$217,$C27) -> 9892927 | I27: =SUMIFS('BASE DASHBOARD'!$J$4:$J$217,'BASE DASHBOARD'!$B$4:$B$217,$C27) -> 8793229.6 | J27: =H27-I27 -> 1099697.4 | K27: =IFERROR(I27/H27,0) -> 0.88884003
C28: ='Tabelas Auxiliares'!B6 -> R13 | D28: ='Tabelas Auxiliares'!E6 -> 051.2024 | E28: =COUNTIFS('BASE DASHBOARD'!$B$4:$B$217,$C28) -> 92 | F28: =COUNTIFS('BASE DASHBOARD'!$B$4:$B$217,$C28,'BASE DASHBOARD'!$L$4:$L$217,"Concluída") -> 64 | G28: =COUNTIFS('BASE DASHBOARD'!$B$4:$B$217,$C28,'BASE DASHBOARD'!$L$4:$L$217,"Cancelada") -> 0 | H28: =SUMIFS('BASE DASHBOARD'!$I$4:$I$217,'BASE DASHBOARD'!$B$4:$B$217,$C28) -> 16489091 | I28: =SUMIFS('BASE DASHBOARD'!$J$4:$J$217,'BASE DASHBOARD'!$B$4:$B$217,$C28) -> 13456411 | J28: =H28-I28 -> 3032679.4 | K28: =IFERROR(I28/H28,0) -> 0.81607965
C29: ='Tabelas Auxiliares'!B7 -> R22 | D29: ='Tabelas Auxiliares'!E7 -> 042.2025 | E29: =COUNTIFS('BASE DASHBOARD'!$B$4:$B$217,$C29) -> 7 | F29: =COUNTIFS('BASE DASHBOARD'!$B$4:$B$217,$C29,'BASE DASHBOARD'!$L$4:$L$217,"Concluída") -> 2 | G29: =COUNTIFS('BASE DASHBOARD'!$B$4:$B$217,$C29,'BASE DASHBOARD'!$L$4:$L$217,"Cancelada") -> 0 | H29: =SUMIFS('BASE DASHBOARD'!$I$4:$I$217,'BASE DASHBOARD'!$B$4:$B$217,$C29) -> 39969136 | I29: =SUMIFS('BASE DASHBOARD'!$J$4:$J$217,'BASE DASHBOARD'!$B$4:$B$217,$C29) -> 17891793 | J29: =H29-I29 -> 22077343 | K29: =IFERROR(I29/H29,0) -> 0.44764023
C30: ='Tabelas Auxiliares'!B8 -> R23 | D30: ='Tabelas Auxiliares'!E8 -> 043.2025 | E30: =COUNTIFS('BASE DASHBOARD'!$B$4:$B$217,$C30) -> 2 | F30: =COUNTIFS('BASE DASHBOARD'!$B$4:$B$217,$C30,'BASE DASHBOARD'!$L$4:$L$217,"Concluída") -> 0 | G30: =COUNTIFS('BASE DASHBOARD'!$B$4:$B$217,$C30,'BASE DASHBOARD'!$L$4:$L$217,"Cancelada") -> 0 | H30: =SUMIFS('BASE DASHBOARD'!$I$4:$I$217,'BASE DASHBOARD'!$B$4:$B$217,$C30) -> 0 | I30: =SUMIFS('BASE DASHBOARD'!$J$4:$J$217,'BASE DASHBOARD'!$B$4:$B$217,$C30) -> 0 | J30: =H30-I30 -> 0 | K30: =IFERROR(I30/H30,0) -> 0
C31: ='Tabelas Auxiliares'!B9 -> R24 | D31: ='Tabelas Auxiliares'!E9 -> 041.2025 | E31: =COUNTIFS('BASE DASHBOARD'!$B$4:$B$217,$C31) -> 6 | F31: =COUNTIFS('BASE DASHBOARD'!$B$4:$B$217,$C31,'BASE DASHBOARD'!$L$4:$L$217,"Concluída") -> 4 | G31: =COUNTIFS('BASE DASHBOARD'!$B$4:$B$217,$C31,'BASE DASHBOARD'!$L$4:$L$217,"Cancelada") -> 0 | H31: =SUMIFS('BASE DASHBOARD'!$I$4:$I$217,'BASE DASHBOARD'!$B$4:$B$217,$C31) -> 15211656 | I31: =SUMIFS('BASE DASHBOARD'!$J$4:$J$217,'BASE DASHBOARD'!$B$4:$B$217,$C31) -> 12628850 | J31: =H31-I31 -> 2582806.3 | K31: =IFERROR(I31/H31,0) -> 0.83020873
C32: TOTAL — LOTE 04 | E32: =SUM(E26:E31) -> 199 | F32: =SUM(F26:F31) -> 137 | G32: =SUM(G26:G31) -> 4 | H32: =SUM(H26:H31) -> 85719990 | I32: =SUM(I26:I31) -> 55402899 | J32: =SUM(J26:J31) -> 30317091 | K32: =IFERROR(I32/H32,0) -> 0.64632414
C39: SITUAÇÃO DAS OSPs
C40: SITUAÇÃO | D40: N° OSPs | E40: % DAS OSPs | F40: VALOR PREVISTO | G40: TOTAL MEDIDO | H40: % DO VALOR
C41: ='Tabelas Auxiliares'!M4 -> Em elaboração | D41: =COUNTIFS('BASE DASHBOARD'!$L$4:$L$217,$C41,'BASE DASHBOARD'!$B$4:$B$217,'BASE DASHBOARD'!$Z$1) -> 7 | E41: =IFERROR(D41/$D$46,0) -> 0.13461538 | F41: =SUMIFS('BASE DASHBOARD'!$I$4:$I$217,'BASE DASHBOARD'!$L$4:$L$217,$C41,'BASE DASHBOARD'!$B$4:$B$217,'BASE DASHBOARD'!$Z$1) -> 372403.12 | G41: =SUMIFS('BASE DASHBOARD'!$J$4:$J$217,'BASE DASHBOARD'!$L$4:$L$217,$C41,'BASE DASHBOARD'!$B$4:$B$217,'BASE DASHBOARD'!$Z$1) -> 0 | H41: =IFERROR(F41/$F$46,0) -> 0.037643371
C42: ='Tabelas Auxiliares'!M5 -> Em andamento | D42: =COUNTIFS('BASE DASHBOARD'!$L$4:$L$217,$C42,'BASE DASHBOARD'!$B$4:$B$217,'BASE DASHBOARD'!$Z$1) -> 1 | E42: =IFERROR(D42/$D$46,0) -> 0.019230769 | F42: =SUMIFS('BASE DASHBOARD'!$I$4:$I$217,'BASE DASHBOARD'!$L$4:$L$217,$C42,'BASE DASHBOARD'!$B$4:$B$217,'BASE DASHBOARD'!$Z$1) -> 69999.89 | G42: =SUMIFS('BASE DASHBOARD'!$J$4:$J$217,'BASE DASHBOARD'!$L$4:$L$217,$C42,'BASE DASHBOARD'!$B$4:$B$217,'BASE DASHBOARD'!$Z$1) -> 68354.64 | H42: =IFERROR(F42/$F$46,0) -> 0.0070757512
C43: ='Tabelas Auxiliares'!M6 -> Concluída | D43: =COUNTIFS('BASE DASHBOARD'!$L$4:$L$217,$C43,'BASE DASHBOARD'!$B$4:$B$217,'BASE DASHBOARD'!$Z$1) -> 44 | E43: =IFERROR(D43/$D$46,0) -> 0.84615385 | F43: =SUMIFS('BASE DASHBOARD'!$I$4:$I$217,'BASE DASHBOARD'!$L$4:$L$217,$C43,'BASE DASHBOARD'!$B$4:$B$217,'BASE DASHBOARD'!$Z$1) -> 9450524 | G43: =SUMIFS('BASE DASHBOARD'!$J$4:$J$217,'BASE DASHBOARD'!$L$4:$L$217,$C43,'BASE DASHBOARD'!$B$4:$B$217,'BASE DASHBOARD'!$Z$1) -> 8724874.9 | H43: =IFERROR(F43/$F$46,0) -> 0.95528088
C44: ='Tabelas Auxiliares'!M7 -> Justificada | D44: =COUNTIFS('BASE DASHBOARD'!$L$4:$L$217,$C44,'BASE DASHBOARD'!$B$4:$B$217,'BASE DASHBOARD'!$Z$1) -> 0 | E44: =IFERROR(D44/$D$46,0) -> 0 | F44: =SUMIFS('BASE DASHBOARD'!$I$4:$I$217,'BASE DASHBOARD'!$L$4:$L$217,$C44,'BASE DASHBOARD'!$B$4:$B$217,'BASE DASHBOARD'!$Z$1) -> 0 | G44: =SUMIFS('BASE DASHBOARD'!$J$4:$J$217,'BASE DASHBOARD'!$L$4:$L$217,$C44,'BASE DASHBOARD'!$B$4:$B$217,'BASE DASHBOARD'!$Z$1) -> 0 | H44: =IFERROR(F44/$F$46,0) -> 0
C45: ='Tabelas Auxiliares'!M8 -> Cancelada | D45: =COUNTIFS('BASE DASHBOARD'!$L$4:$L$217,$C45,'BASE DASHBOARD'!$B$4:$B$217,'BASE DASHBOARD'!$Z$1) -> 0 | E45: =IFERROR(D45/$D$46,0) -> 0 | F45: =SUMIFS('BASE DASHBOARD'!$I$4:$I$217,'BASE DASHBOARD'!$L$4:$L$217,$C45,'BASE DASHBOARD'!$B$4:$B$217,'BASE DASHBOARD'!$Z$1) -> 0 | G45: =SUMIFS('BASE DASHBOARD'!$J$4:$J$217,'BASE DASHBOARD'!$L$4:$L$217,$C45,'BASE DASHBOARD'!$B$4:$B$217,'BASE DASHBOARD'!$Z$1) -> 0 | H45: =IFERROR(F45/$F$46,0) -> 0
C46: TOTAL | D46: =SUM(D41:D45) -> 52 | E46: =SUM(E41:E45) -> 1 | F46: =SUM(F41:F45) -> 9892927 | G46: =SUM(G41:G45) -> 8793229.6 | H46: =SUM(H41:H45) -> 1
C53: EVOLUÇÃO MENSAL — 2026
C54: MÊS | D54: ='BASE DASHBOARD'!M$3 -> 46023 | E54: ='BASE DASHBOARD'!N$3 -> 46054 | F54: ='BASE DASHBOARD'!O$3 -> 46082 | G54: ='BASE DASHBOARD'!P$3 -> 46113 | H54: ='BASE DASHBOARD'!Q$3 -> 46143 | I54: ='BASE DASHBOARD'!R$3 -> 46174 | J54: ='BASE DASHBOARD'!S$3 -> 46204 | K54: ='BASE DASHBOARD'!T$3 -> 46235 | ... O54: ='BASE DASHBOARD'!X$3 -> 46357
C55: Valor medido no mês | D55: =SUMIFS('BASE DASHBOARD'!M$4:M$217,'BASE DASHBOARD'!$B$4:$B$217,'BASE DASHBOARD'!$Z$1) -> 392381.67 | E55: =SUMIFS('BASE DASHBOARD'!N$4:N$217,'BASE DASHBOARD'!$B$4:$B$217,'BASE DASHBOARD'!$Z$1) -> 1299128.3 | F55: =SUMIFS('BASE DASHBOARD'!O$4:O$217,'BASE DASHBOARD'!$B$4:$B$217,'BASE DASHBOARD'!$Z$1) -> 178577.47 | G55: =SUMIFS('BASE DASHBOARD'!P$4:P$217,'BASE DASHBOARD'!$B$4:$B$217,'BASE DASHBOARD'!$Z$1) -> 1343283.7 | H55: =SUMIFS('BASE DASHBOARD'!Q$4:Q$217,'BASE DASHBOARD'!$B$4:$B$217,'BASE DASHBOARD'!$Z$1) -> 1563240 | I55: =SUMIFS('BASE DASHBOARD'!R$4:R$217,'BASE DASHBOARD'!$B$4:$B$217,'BASE DASHBOARD'!$Z$1) -> 1283773.5 | J55: =SUMIFS('BASE DASHBOARD'!S$4:S$217,'BASE DASHBOARD'!$B$4:$B$217,'BASE DASHBOARD'!$Z$1) -> 2159251.1 | K55: =SUMIFS('BASE DASHBOARD'!T$4:T$217,'BASE DASHBOARD'!$B$4:$B$217,'BASE DASHBOARD'!$Z$1) -> 573593.78 | ... O55: =SUMIFS('BASE DASHBOARD'!X$4:X$217,'BASE DASHBOARD'!$B$4:$B$217,'BASE DASHBOARD'!$Z$1) -> 0
C56: Acumulado | D56: =D55 -> 392381.67 | E56: =D56+E55 -> 1691510 | F56: =E56+F55 -> 1870087.4 | G56: =F56+G55 -> 3213371.2 | H56: =G56+H55 -> 4776611.2 | I56: =H56+I55 -> 6060384.7 | J56: =I56+J55 -> 8219635.8 | K56: =J56+K55 -> 8793229.6 | L56: =K56+L55 -> 8793229.6 | ... O56: =N56+O55 -> 8793229.6
C57: % do valor previsto | D57: =IFERROR(D56/DASHBOARD!$G$13,0) -> 0.039662849 | E57: =IFERROR(E56/DASHBOARD!$G$13,0) -> 0.17098175 | F57: =IFERROR(F56/DASHBOARD!$G$13,0) -> 0.18903277 | G57: =IFERROR(G56/DASHBOARD!$G$13,0) -> 0.32481501 | H57: =IFERROR(H56/DASHBOARD!$G$13,0) -> 0.48283094 | I57: =IFERROR(I56/DASHBOARD!$G$13,0) -> 0.61259774 | J57: =IFERROR(J56/DASHBOARD!$G$13,0) -> 0.83085984 | K57: =IFERROR(K56/DASHBOARD!$G$13,0) -> 0.88884003 | ... O57: =IFERROR(O56/DASHBOARD!$G$13,0) -> 0.88884003
C58: OSPs com medição | D58: =COUNTIFS('BASE DASHBOARD'!$B$4:$B$217,'BASE DASHBOARD'!$Z$1,'BASE DASHBOARD'!M$4:M$217,">0") -> 2 | E58: =COUNTIFS('BASE DASHBOARD'!$B$4:$B$217,'BASE DASHBOARD'!$Z$1,'BASE DASHBOARD'!N$4:N$217,">0") -> 10 | F58: =COUNTIFS('BASE DASHBOARD'!$B$4:$B$217,'BASE DASHBOARD'!$Z$1,'BASE DASHBOARD'!O$4:O$217,">0") -> 3 | G58: =COUNTIFS('BASE DASHBOARD'!$B$4:$B$217,'BASE DASHBOARD'!$Z$1,'BASE DASHBOARD'!P$4:P$217,">0") -> 7 | H58: =COUNTIFS('BASE DASHBOARD'!$B$4:$B$217,'BASE DASHBOARD'!$Z$1,'BASE DASHBOARD'!Q$4:Q$217,">0") -> 3 | I58: =COUNTIFS('BASE DASHBOARD'!$B$4:$B$217,'BASE DASHBOARD'!$Z$1,'BASE DASHBOARD'!R$4:R$217,">0") -> 9 | J58: =COUNTIFS('BASE DASHBOARD'!$B$4:$B$217,'BASE DASHBOARD'!$Z$1,'BASE DASHBOARD'!S$4:S$217,">0") -> 9 | K58: =COUNTIFS('BASE DASHBOARD'!$B$4:$B$217,'BASE DASHBOARD'!$Z$1,'BASE DASHBOARD'!T$4:T$217,">0") -> 14 | ... O58: =COUNTIFS('BASE DASHBOARD'!$B$4:$B$217,'BASE DASHBOARD'!$Z$1,'BASE DASHBOARD'!X$4:X$217,">0") -> 0
C62: FONTE: SISTEMA DE GESTÃO OSP - AGETO
R70: DADOS DOS GRÁFICOS (apoio)
R71: REGIÃO | S71: Valor Previsto | T71: Total Medido | V71: REGIÃO | W71: N° OSPs
R72: =$C26 -> R11 | S72: =$H26 -> 4157179.7 | T72: =$I26 -> 2632614.4 | V72: =$C26 -> R11 | W72: =$E26 -> 39
R73: =$C27 -> R12 | S73: =$H27 -> 9892927 | T73: =$I27 -> 8793229.6 | V73: =$C27 -> R12 | W73: =$E27 -> 53
R74: =$C28 -> R13 | S74: =$H28 -> 16489091 | T74: =$I28 -> 13456411 | V74: =$C28 -> R13 | W74: =$E28 -> 92
R75: =$C29 -> R22 | S75: =$H29 -> 39969136 | T75: =$I29 -> 17891793 | V75: =$C29 -> R22 | W75: =$E29 -> 7
R76: =$C30 -> R23 | S76: =$H30 -> 0 | T76: =$I30 -> 0 | V76: =$C30 -> R23 | W76: =$E30 -> 2
R77: =$C31 -> R24 | S77: =$H31 -> 15211656 | T77: =$I31 -> 12628850 | V77: =$C31 -> R24 | W77: =$E31 -> 6
R80: MÊS | S80: Medido no mês | T80: Acumulado
R81: {=TEXT(INDEX($D$54:$O$54,ROW()-80),"mmm/aa")} -> jan/26 | S81: {=INDEX($D$55:$O$55,ROW()-80)} -> 392381.67 | T81: {=INDEX($D$56:$O$56,ROW()-80)} -> 392381.67
R82: {=TEXT(INDEX($D$54:$O$54,ROW()-80),"mmm/aa")} -> fev/26 | S82: {=INDEX($D$55:$O$55,ROW()-80)} -> 1299128.3 | T82: {=INDEX($D$56:$O$56,ROW()-80)} -> 1691510
R83: {=TEXT(INDEX($D$54:$O$54,ROW()-80),"mmm/aa")} -> mar/26 | S83: {=INDEX($D$55:$O$55,ROW()-80)} -> 178577.47 | T83: {=INDEX($D$56:$O$56,ROW()-80)} -> 1870087.4
R84: {=TEXT(INDEX($D$54:$O$54,ROW()-80),"mmm/aa")} -> abr/26 | S84: {=INDEX($D$55:$O$55,ROW()-80)} -> 1343283.7 | T84: {=INDEX($D$56:$O$56,ROW()-80)} -> 3213371.2
R85: {=TEXT(INDEX($D$54:$O$54,ROW()-80),"mmm/aa")} -> mai/26 | S85: {=INDEX($D$55:$O$55,ROW()-80)} -> 1563240 | T85: {=INDEX($D$56:$O$56,ROW()-80)} -> 4776611.2
R86: {=TEXT(INDEX($D$54:$O$54,ROW()-80),"mmm/aa")} -> jun/26 | S86: {=INDEX($D$55:$O$55,ROW()-80)} -> 1283773.5 | T86: {=INDEX($D$56:$O$56,ROW()-80)} -> 6060384.7
R87: {=TEXT(INDEX($D$54:$O$54,ROW()-80),"mmm/aa")} -> jul/26 | S87: {=INDEX($D$55:$O$55,ROW()-80)} -> 2159251.1 | T87: {=INDEX($D$56:$O$56,ROW()-80)} -> 8219635.8
R88: {=TEXT(INDEX($D$54:$O$54,ROW()-80),"mmm/aa")} -> ago/26 | S88: {=INDEX($D$55:$O$55,ROW()-80)} -> 573593.78 | T88: {=INDEX($D$56:$O$56,ROW()-80)} -> 8793229.6
R89: {=TEXT(INDEX($D$54:$O$54,ROW()-80),"mmm/aa")} -> set/26 | S89: {=INDEX($D$55:$O$55,ROW()-80)} -> 0 | T89: {=INDEX($D$56:$O$56,ROW()-80)} -> 8793229.6
R90: {=TEXT(INDEX($D$54:$O$54,ROW()-80),"mmm/aa")} -> out/26 | S90: {=INDEX($D$55:$O$55,ROW()-80)} -> 0 | T90: {=INDEX($D$56:$O$56,ROW()-80)} -> 8793229.6
R91: {=TEXT(INDEX($D$54:$O$54,ROW()-80),"mmm/aa")} -> nov/26 | S91: {=INDEX($D$55:$O$55,ROW()-80)} -> 0 | T91: {=INDEX($D$56:$O$56,ROW()-80)} -> 8793229.6
R92: {=TEXT(INDEX($D$54:$O$54,ROW()-80),"mmm/aa")} -> dez/26 | S92: {=INDEX($D$55:$O$55,ROW()-80)} -> 0 | T92: {=INDEX($D$56:$O$56,ROW()-80)} -> 8793229.6

Sheet REGIÃO 11 - RESUMO
B2: REGIÃO 11
B3: ID | C3: REGIÃO | D3: CONTRATO | E3: OSP | F3: DATA EMISSÃO | G3: CRONOGRAMA | H3: N° TRECHO | I3: TRECHO | J3: SERVIÇO | K3: VALOR PREVISTO | L3: SITUAÇÃO | M3: OBSERVAÇÃO
B4: ='REGIÃO 11 - HISTÓRICO'!B4 -> 1 | C4: R11 | D4: =_xlfn.XLOOKUP(tbResumoR11[[#This Row],[REGIÃO]],tbRegioes[Código Região],tbRegioes[Contrato],"") -> 049.2024 | E4: ='REGIÃO 11 - HISTÓRICO'!C4 -> 14 | F4: Janeiro | G4: ='REGIÃO 11 - HISTÓRICO'!D4 -> jan/fev/mar | H4: 204 | I4: =IF(tbResumoR11[[#This Row],[N° TRECHO]]="","",IFERROR(INDEX('REGIÃO 11 - TRECHOS'!$F$4:$F$119,MATCH(tbResumoR11[[#This Row],[N° TRECHO]],'REGIÃO 11 - TRECHOS'!$E$4:$E$119,0)),IFERROR(INDEX('REGIÃO 12 - TRECHOS'!$F$4:$F$76,MATCH(tbResumoR11[[#This Row],[N° TRECHO]],'REGIÃO 12 - TRECHOS'!$E$4:$E$76,0)),IFERROR(INDEX('REGIÃO 13 - TRECHOS'!$F$4:$F$53,MATCH(tbResumoR11[[#This Row],[N° TRECHO]],'REGIÃO 13 - TRECHOS'!$E$4:$E$53,0)),"Trecho não cadastrado")))) -> RODOVIA TO-070 - TRECHO ALIANÇA DO TOCANTINS - BREJINHO DE NAZARÉ | J4: Roçada / Tapa-Buraco CAE | K4: ='REGIÃO 11 - HISTÓRICO'!E4 -> 177657.57 | L4: ='REGIÃO 11 - HISTÓRICO'!I4 -> Concluída
B5: ='REGIÃO 11 - HISTÓRICO'!B5 -> 2 | C5: R11 | D5: =_xlfn.XLOOKUP(tbResumoR11[[#This Row],[REGIÃO]],tbRegioes[Código Região],tbRegioes[Contrato],"") -> 049.2024 | E5: ='REGIÃO 11 - HISTÓRICO'!C5 -> 15 | F5: Janeiro | G5: ='REGIÃO 11 - HISTÓRICO'!D5 -> jan/fev | H5: 212 | I5: =IF(tbResumoR11[[#This Row],[N° TRECHO]]="","",IFERROR(INDEX('REGIÃO 11 - TRECHOS'!$F$4:$F$119,MATCH(tbResumoR11[[#This Row],[N° TRECHO]],'REGIÃO 11 - TRECHOS'!$E$4:$E$119,0)),IFERROR(INDEX('REGIÃO 12 - TRECHOS'!$F$4:$F$76,MATCH(tbResumoR11[[#This Row],[N° TRECHO]],'REGIÃO 12 - TRECHOS'!$E$4:$E$76,0)),IFERROR(INDEX('REGIÃO 13 - TRECHOS'!$F$4:$F$53,MATCH(tbResumoR11[[#This Row],[N° TRECHO]],'REGIÃO 13 - TRECHOS'!$E$4:$E$53,0)),"Trecho não cadastrado")))) -> RODOVIA TO-181 - TRECHO ARAGUAÇU - SANDOLÂNDIA | J5: Roçada | K5: ='REGIÃO 11 - HISTÓRICO'!E5 -> 25453.98 | L5: ='REGIÃO 11 - HISTÓRICO'!I5 -> Concluída
B6: ='REGIÃO 11 - HISTÓRICO'!B6 -> 3 | C6: R11 | D6: =_xlfn.XLOOKUP(tbResumoR11[[#This Row],[REGIÃO]],tbRegioes[Código Região],tbRegioes[Contrato],"") -> 049.2024 | E6: ='REGIÃO 11 - HISTÓRICO'!C6 -> 16 | F6: Janeiro | G6: ='REGIÃO 11 - HISTÓRICO'!D6 -> jan/fev/mar | H6: 220 | I6: =IF(tbResumoR11[[#This Row],[N° TRECHO]]="","",IFERROR(INDEX('REGIÃO 11 - TRECHOS'!$F$4:$F$119,MATCH(tbResumoR11[[#This Row],[N° TRECHO]],'REGIÃO 11 - TRECHOS'!$E$4:$E$119,0)),IFERROR(INDEX('REGIÃO 12 - TRECHOS'!$F$4:$F$76,MATCH(tbResumoR11[[#This Row],[N° TRECHO]],'REGIÃO 12 - TRECHOS'!$E$4:$E$76,0)),IFERROR(INDEX('REGIÃO 13 - TRECHOS'!$F$4:$F$53,MATCH(tbResumoR11[[#This Row],[N° TRECHO]],'REGIÃO 13 - TRECHOS'!$E$4:$E$53,0)),"Trecho não cadastrado")))) -> RODOVIA TO-460 - TRECHO BR-242 (VILA QUIXABA) - SUCUPIRA | J6: Roçada / Tapa-Buraco CAE | K6: ='REGIÃO 11 - HISTÓRICO'!E6 -> 42260.27 | L6: ='REGIÃO 11 - HISTÓRICO'!I6 -> Concluída
B7: ='REGIÃO 11 - HISTÓRICO'!B7 -> 4 | C7: R11 | D7: =_xlfn.XLOOKUP(tbResumoR11[[#This Row],[REGIÃO]],tbRegioes[Código Região],tbRegioes[Contrato],"") -> 049.2024 | E7: ='REGIÃO 11 - HISTÓRICO'!C7 -> 17 | F7: Janeiro | G7: ='REGIÃO 11 - HISTÓRICO'!D7 -> jan/fev | H7: 218 | I7: =IF(tbResumoR11[[#This Row],[N° TRECHO]]="","",IFERROR(INDEX('REGIÃO 11 - TRECHOS'!$F$4:$F$119,MATCH(tbResumoR11[[#This Row],[N° TRECHO]],'REGIÃO 11 - TRECHOS'!$E$4:$E$119,0)),IFERROR(INDEX('REGIÃO 12 - TRECHOS'!$F$4:$F$76,MATCH(tbResumoR11[[#This Row],[N° TRECHO]],'REGIÃO 12 - TRECHOS'!$E$4:$E$76,0)),IFERROR(INDEX('REGIÃO 13 - TRECHOS'!$F$4:$F$53,MATCH(tbResumoR11[[#This Row],[N° TRECHO]],'REGIÃO 13 - TRECHOS'!$E$4:$E$53,0)),"Trecho não cadastrado")))) -> RODOVIA TO-373 - TRECHO ALVORADA - ARAGUAÇU - DIVISA TO-GO | J7: Roçada | K7: ='REGIÃO 11 - HISTÓRICO'!E7 -> 50319.98 | L7: ='REGIÃO 11 - HISTÓRICO'!I7 -> Concluída
B8: ='REGIÃO 11 - HISTÓRICO'!B8 -> 5 | C8: R11 | D8: =_xlfn.XLOOKUP(tbResumoR11[[#This Row],[REGIÃO]],tbRegioes[Código Região],tbRegioes[Contrato],"") -> 049.2024 | E8: ='REGIÃO 11 - HISTÓRICO'!C8 -> 18 | F8: Fevereiro | G8: ='REGIÃO 11 - HISTÓRICO'!D8 -> fev/mar/abr | H8: 208 | I8: =IF(tbResumoR11[[#This Row],[N° TRECHO]]="","",IFERROR(INDEX('REGIÃO 11 - TRECHOS'!$F$4:$F$119,MATCH(tbResumoR11[[#This Row],[N° TRECHO]],'REGIÃO 11 - TRECHOS'!$E$4:$E$119,0)),IFERROR(INDEX('REGIÃO 12 - TRECHOS'!$F$4:$F$76,MATCH(tbResumoR11[[#This Row],[N° TRECHO]],'REGIÃO 12 - TRECHOS'!$E$4:$E$76,0)),IFERROR(INDEX('REGIÃO 13 - TRECHOS'!$F$4:$F$53,MATCH(tbResumoR11[[#This Row],[N° TRECHO]],'REGIÃO 13 - TRECHOS'!$E$4:$E$53,0)),"Trecho não cadastrado")))) -> RODOVIA TO-181 - TRECHO ENTR. TO-481 (CAPAO DO COCO) - FAZENDA COBRAPE | J8: Reconformação da plataforma / Recomposição do revestimento primário | K8: ='REGIÃO 11 - HISTÓRICO'!E8 -> 842266.55 | L8: ='REGIÃO 11 - HISTÓRICO'!I8 -> Concluída
B9: ='REGIÃO 11 - HISTÓRICO'!B9 -> 6 | C9: R11 | D9: =_xlfn.XLOOKUP(tbResumoR11[[#This Row],[REGIÃO]],tbRegioes[Código Região],tbRegioes[Contrato],"") -> 049.2024 | E9: ='REGIÃO 11 - HISTÓRICO'!C9 -> 19 | F9: Fevereiro | G9: ='REGIÃO 11 - HISTÓRICO'!D9 -> fev/mar/abr | H9: 221 | I9: =IF(tbResumoR11[[#This Row],[N° TRECHO]]="","",IFERROR(INDEX('REGIÃO 11 - TRECHOS'!$F$4:$F$119,MATCH(tbResumoR11[[#This Row],[N° TRECHO]],'REGIÃO 11 - TRECHOS'!$E$4:$E$119,0)),IFERROR(INDEX('REGIÃO 12 - TRECHOS'!$F$4:$F$76,MATCH(tbResumoR11[[#This Row],[N° TRECHO]],'REGIÃO 12 - TRECHOS'!$E$4:$E$76,0)),IFERROR(INDEX('REGIÃO 13 - TRECHOS'!$F$4:$F$53,MATCH(tbResumoR11[[#This Row],[N° TRECHO]],'REGIÃO 13 - TRECHOS'!$E$4:$E$53,0)),"Trecho não cadastrado")))) -> RODOVIA TO-481 - TRECHO DUERÉ - ENTR. TO-181 (CAPAO DO COCO) | J9: Reconformação da plataforma / Recomposição do revestimento primário | K9: ='REGIÃO 11 - HISTÓRICO'!E9 -> 583705.47 | L9: ='REGIÃO 11 - HISTÓRICO'!I9 -> Concluída
B10: ='REGIÃO 11 - HISTÓRICO'!B10 -> 7 | C10: R11 | D10: =_xlfn.XLOOKUP(tbResumoR11[[#This Row],[REGIÃO]],tbRegioes[Código Região],tbRegioes[Contrato],"") -> 049.2024 | E10: ='REGIÃO 11 - HISTÓRICO'!C10 -> 20 | F10: Março | G10: ='REGIÃO 11 - HISTÓRICO'!D10 -> mar/abr/mai | H10: 202 | I10: =IF(tbResumoR11[[#This Row],[N° TRECHO]]="","",IFERROR(INDEX('REGIÃO 11 - TRECHOS'!$F$4:$F$119,MATCH(tbResumoR11[[#This Row],[N° TRECHO]],'REGIÃO 11 - TRECHOS'!$E$4:$E$119,0)),IFERROR(INDEX('REGIÃO 12 - TRECHOS'!$F$4:$F$76,MATCH(tbResumoR11[[#This Row],[N° TRECHO]],'REGIÃO 12 - TRECHOS'!$E$4:$E$76,0)),IFERROR(INDEX('REGIÃO 13 - TRECHOS'!$F$4:$F$53,MATCH(tbResumoR11[[#This Row],[N° TRECHO]],'REGIÃO 13 - TRECHOS'!$E$4:$E$53,0)),"Trecho não cadastrado")))) -> RODOVIA TO-070 - TRECHO SANDOLÂNDIA - FORMOSO DO ARAGUAIA | J10: Roçada | K10: ='REGIÃO 11 - HISTÓRICO'!E10 -> 38576.29 | L10: ='REGIÃO 11 - HISTÓRICO'!I10 -> Concluída
B11: ='REGIÃO 11 - HISTÓRICO'!B11 -> 8 | C11: R11 | D11: =_xlfn.XLOOKUP(tbResumoR11[[#This Row],[REGIÃO]],tbRegioes[Código Região],tbRegioes[Contrato],"") -> 049.2024 | E11: ='REGIÃO 11 - HISTÓRICO'!C11 -> 21 | F11: Março | G11: ='REGIÃO 11 - HISTÓRICO'!D11 -> mar/abr/mai | H11: 209 | I11: =IF(tbResumoR11[[#This Row],[N° TRECHO]]="","",IFERROR(INDEX('REGIÃO 11 - TRECHOS'!$F$4:$F$119,MATCH(tbResumoR11[[#This Row],[N° TRECHO]],'REGIÃO 11 - TRECHOS'!$E$4:$E$119,0)),IFERROR(INDEX('REGIÃO 12 - TRECHOS'!$F$4:$F$76,MATCH(tbResumoR11[[#This Row],[N° TRECHO]],'REGIÃO 12 - TRECHOS'!$E$4:$E$76,0)),IFERROR(INDEX('REGIÃO 13 - TRECHOS'!$F$4:$F$53,MATCH(tbResumoR11[[#This Row],[N° TRECHO]],'REGIÃO 13 - TRECHOS'!$E$4:$E$53,0)),"Trecho não cadastrado")))) -> RODOVIA TO-181 - TRECHO FAZENDA COBRAPE - ENTR. BR-242 | J11: Roçada / Tapa-Buraco CAE | K11: ='REGIÃO 11 - HISTÓRICO'!E11 -> 390709.12 | L11: ='REGIÃO 11 - HISTÓRICO'!I11 -> Concluída
B12: ='REGIÃO 11 - HISTÓRICO'!B12 -> 9 | C12: R11 | D12: =_xlfn.XLOOKUP(tbResumoR11[[#This Row],[REGIÃO]],tbRegioes[Código Região],tbRegioes[Contrato],"") -> 049.2024 | E12: ='REGIÃO 11 - HISTÓRICO'!C12 -> 22 | F12: Março | G12: ='REGIÃO 11 - HISTÓRICO'!D12 -> mar/abr/mai | H12: 210 | I12: =IF(tbResumoR11[[#This Row],[N° TRECHO]]="","",IFERROR(INDEX('REGIÃO 11 - TRECHOS'!$F$4:$F$119,MATCH(tbResumoR11[[#This Row],[N° TRECHO]],'REGIÃO 11 - TRECHOS'!$E$4:$E$119,0)),IFERROR(INDEX('REGIÃO 12 - TRECHOS'!$F$4:$F$76,MATCH(tbResumoR11[[#This Row],[N° TRECHO]],'REGIÃO 12 - TRECHOS'!$E$4:$E$76,0)),IFERROR(INDEX('REGIÃO 13 - TRECHOS'!$F$4:$F$53,MATCH(tbResumoR11[[#This Row],[N° TRECHO]],'REGIÃO 13 - TRECHOS'!$E$4:$E$53,0)),"Trecho não cadastrado")))) -> RODOVIA TO-181 - TRECHO ENTR. BR-242 - FUNDAÇÃO BRADESCO | J12: Roçada / Tapa-Buraco CAE | K12: ='REGIÃO 11 - HISTÓRICO'!E12 -> 318931.06 | L12: ='REGIÃO 11 - HISTÓRICO'!I12 -> Concluída
B13: ='REGIÃO 11 - HISTÓRICO'!B13 -> 10 | C13: R11 | D13: =_xlfn.XLOOKUP(tbResumoR11[[#This Row],[REGIÃO]],tbRegioes[Código Região],tbRegioes[Contrato],"") -> 049.2024 | E13: ='REGIÃO 11 - HISTÓRICO'!C13 -> 23 | F13: Março | G13: ='REGIÃO 11 - HISTÓRICO'!D13 -> mar/abr/mai | H13: 214 | I13: =IF(tbResumoR11[[#This Row],[N° TRECHO]]="","",IFERROR(INDEX('REGIÃO 11 - TRECHOS'!$F$4:$F$119,MATCH(tbResumoR11[[#This Row],[N° TRECHO]],'REGIÃO 11 - TRECHOS'!$E$4:$E$119,0)),IFERROR(INDEX('REGIÃO 12 - TRECHOS'!$F$4:$F$76,MATCH(tbResumoR11[[#This Row],[N° TRECHO]],'REGIÃO 12 - TRECHOS'!$E$4:$E$76,0)),IFERROR(INDEX('REGIÃO 13 - TRECHOS'!$F$4:$F$53,MATCH(tbResumoR11[[#This Row],[N° TRECHO]],'REGIÃO 13 - TRECHOS'!$E$4:$E$53,0)),"Trecho não cadastrado")))) -> RODOVIA TO-362 - TRECHO SANTA RITA DO TOCANTINS - BREJINHO DE NAZARÉ | J13: Terraplenagem / Reconformação da plataforma / Recomposição do revestimento primário | K13: ='REGIÃO 11 - HISTÓRICO'!E13 -> 259096.53 | L13: ='REGIÃO 11 - HISTÓRICO'!I13 -> Cancelada | M13: Em cumprimento ao Termo de Ajustamento de Gestão, com destaque para a Cláusula Segunda, Parágrafo Sexto, é importante ressaltar que, nos anos anteriores, os serviços de manutenção rodoviária foram realizados por meio de Administração Direta, através da Residência Viária de Dianópolis - RV-13. Dessa forma, não há registros históricos disponíveis sobre o desempenho dessas atividades.
B14: ='REGIÃO 11 - HISTÓRICO'!B14 -> 11 | C14: R11 | D14: =_xlfn.XLOOKUP(tbResumoR11[[#This Row],[REGIÃO]],tbRegioes[Código Região],tbRegioes[Contrato],"") -> 049.2024 | E14: ='REGIÃO 11 - HISTÓRICO'!C14 -> 24 | F14: Março | G14: ='REGIÃO 11 - HISTÓRICO'!D14 -> mar/abr/mai | H14: 223 | I14: =IF(tbResumoR11[[#This Row],[N° TRECHO]]="","",IFERROR(INDEX('REGIÃO 11 - TRECHOS'!$F$4:$F$119,MATCH(tbResumoR11[[#This Row],[N° TRECHO]],'REGIÃO 11 - TRECHOS'!$E$4:$E$119,0)),IFERROR(INDEX('REGIÃO 12 - TRECHOS'!$F$4:$F$76,MATCH(tbResumoR11[[#This Row],[N° TRECHO]],'REGIÃO 12 - TRECHOS'!$E$4:$E$76,0)),IFERROR(INDEX('REGIÃO 13 - TRECHOS'!$F$4:$F$53,MATCH(tbResumoR11[[#This Row],[N° TRECHO]],'REGIÃO 13 - TRECHOS'!$E$4:$E$53,0)),"Trecho não cadastrado")))) -> RODOVIA TO-484 - TRECHO FIGUEIRÓPOLIS - KM 64 (RIO FORMOSO) | J14: Reconformação da plataforma / Recomposição do revestimento primário | K14: ='REGIÃO 11 - HISTÓRICO'!E14 -> 86715.58 | L14: ='REGIÃO 11 - HISTÓRICO'!I14 -> Cancelada | M14: Em cumprimento ao Termo de Ajustamento de Gestão, com destaque para a Cláusula Segunda, Parágrafo Sexto, é importante ressaltar que, nos anos anteriores, os serviços de manutenção rodoviária foram realizados por meio de Administração Direta, através da Residência Viária de Dianópolis - RV-13. Dessa forma, não há registros históricos disponíveis sobre o desempenho dessas atividades.
B15: ='REGIÃO 11 - HISTÓRICO'!B15 -> 12 | C15: R11 | D15: =_xlfn.XLOOKUP(tbResumoR11[[#This Row],[REGIÃO]],tbRegioes[Código Região],tbRegioes[Contrato],"") -> 049.2024 | E15: ='REGIÃO 11 - HISTÓRICO'!C15 -> 25 | F15: Março | G15: ='REGIÃO 11 - HISTÓRICO'!D15 -> mar | H15: 204 | I15: =IF(tbResumoR11[[#This Row],[N° TRECHO]]="","",IFERROR(INDEX('REGIÃO 11 - TRECHOS'!$F$4:$F$119,MATCH(tbResumoR11[[#This Row],[N° TRECHO]],'REGIÃO 11 - TRECHOS'!$E$4:$E$119,0)),IFERROR(INDEX('REGIÃO 12 - TRECHOS'!$F$4:$F$76,MATCH(tbResumoR11[[#This Row],[N° TRECHO]],'REGIÃO 12 - TRECHOS'!$E$4:$E$76,0)),IFERROR(INDEX('REGIÃO 13 - TRECHOS'!$F$4:$F$53,MATCH(tbResumoR11[[#This Row],[N° TRECHO]],'REGIÃO 13 - TRECHOS'!$E$4:$E$53,0)),"Trecho não cadastrado")))) -> RODOVIA TO-070 - TRECHO ALIANÇA DO TOCANTINS - BREJINHO DE NAZARÉ | J15: SERVIÇOS MANUTENÇÃO | K15: ='REGIÃO 11 - HISTÓRICO'!E15 -> 3173.97 | L15: ='REGIÃO 11 - HISTÓRICO'!I15 -> Concluída
B16: ='REGIÃO 11 - HISTÓRICO'!B16 -> 13 | C16: R11 | D16: =_xlfn.XLOOKUP(tbResumoR11[[#This Row],[REGIÃO]],tbRegioes[Código Região],tbRegioes[Contrato],"") -> 049.2024 | E16: ='REGIÃO 11 - HISTÓRICO'!C16 -> 26 | F16: Abril | G16: ='REGIÃO 11 - HISTÓRICO'!D16 -> abr/mai | H16: 204 | I16: =IF(tbResumoR11[[#This Row],[N° TRECHO]]="","",IFERROR(INDEX('REGIÃO 11 - TRECHOS'!$F$4:$F$119,MATCH(tbResumoR11[[#This Row],[N° TRECHO]],'REGIÃO 11 - TRECHOS'!$E$4:$E$119,0)),IFERROR(INDEX('REGIÃO 12 - TRECHOS'!$F$4:$F$76,MATCH(tbResumoR11[[#This Row],[N° TRECHO]],'REGIÃO 12 - TRECHOS'!$E$4:$E$76,0)),IFERROR(INDEX('REGIÃO 13 - TRECHOS'!$F$4:$F$53,MATCH(tbResumoR11[[#This Row],[N° TRECHO]],'REGIÃO 13 - TRECHOS'!$E$4:$E$53,0)),"Trecho não cadastrado")))) -> RODOVIA TO-070 - TRECHO ALIANÇA DO TOCANTINS - BREJINHO DE NAZARÉ | J16: Tapa-Buraco CAE | K16: ='REGIÃO 11 - HISTÓRICO'!E16 -> 31085.39 | L16: ='REGIÃO 11 - HISTÓRICO'!I16 -> Concluída
B17: ='REGIÃO 11 - HISTÓRICO'!B17 -> 14 | C17: R11 | D17: =_xlfn.XLOOKUP(tbResumoR11[[#This Row],[REGIÃO]],tbRegioes[Código Região],tbRegioes[Contrato],"") -> 049.2024 | E17: ='REGIÃO 11 - HISTÓRICO'!C17 -> 27 | F17: Abril | G17: ='REGIÃO 11 - HISTÓRICO'!D17 -> abr/mai | H17: 206 | I17: =IF(tbResumoR11[[#This Row],[N° TRECHO]]="","",IFERROR(INDEX('REGIÃO 11 - TRECHOS'!$F$4:$F$119,MATCH(tbResumoR11[[#This Row],[N° TRECHO]],'REGIÃO 11 - TRECHOS'!$E$4:$E$119,0)),IFERROR(INDEX('REGIÃO 12 - TRECHOS'!$F$4:$F$76,MATCH(tbResumoR11[[#This Row],[N° TRECHO]],'REGIÃO 12 - TRECHOS'!$E$4:$E$76,0)),IFERROR(INDEX('REGIÃO 13 - TRECHOS'!$F$4:$F$53,MATCH(tbResumoR11[[#This Row],[N° TRECHO]],'REGIÃO 13 - TRECHOS'!$E$4:$E$53,0)),"Trecho não cadastrado")))) -> RODOVIA TO-070 - TRECHO FORMOSO DO ARAGUAIA - DUERÉ | J17: Roçada | K17: ='REGIÃO 11 - HISTÓRICO'!E17 -> 32173.84 | L17: ='REGIÃO 11 - HISTÓRICO'!I17 -> Concluída
B18: ='REGIÃO 11 - HISTÓRICO'!B18 -> 15 | C18: R11 | D18: =_xlfn.XLOOKUP(tbResumoR11[[#This Row],[REGIÃO]],tbRegioes[Código Região],tbRegioes[Contrato],"") -> 049.2024 | E18: ='REGIÃO 11 - HISTÓRICO'!C18 -> 28 | F18: Maio | G18: ='REGIÃO 11 - HISTÓRICO'!D18 -> mai/jun | H18: 204 | I18: =IF(tbResumoR11[[#This Row],[N° TRECHO]]="","",IFERROR(INDEX('REGIÃO 11 - TRECHOS'!$F$4:$F$119,MATCH(tbResumoR11[[#This Row],[N° TRECHO]],'REGIÃO 11 - TRECHOS'!$E$4:$E$119,0)),IFERROR(INDEX('REGIÃO 12 - TRECHOS'!$F$4:$F$76,MATCH(tbResumoR11[[#This Row],[N° TRECHO]],'REGIÃO 12 - TRECHOS'!$E$4:$E$76,0)),IFERROR(INDEX('REGIÃO 13 - TRECHOS'!$F$4:$F$53,MATCH(tbResumoR11[[#This Row],[N° TRECHO]],'REGIÃO 13 - TRECHOS'!$E$4:$E$53,0)),"Trecho não cadastrado")))) -> RODOVIA TO-070 - TRECHO ALIANÇA DO TOCANTINS - BREJINHO DE NAZARÉ | J18: Limpeza EDS / Caiação de EDS e pontes | K18: ='REGIÃO 11 - HISTÓRICO'!E18 -> 23752.58 | L18: ='REGIÃO 11 - HISTÓRICO'!I18 -> Cancelada | M18: Em cumprimento ao Termo de Ajustamento de Gestão, com destaque para a Cláusula Segunda, Parágrafo Sexto, é importante ressaltar que, nos anos anteriores, os serviços de manutenção rodoviária foram realizados por meio de Administração Direta da Residencia Viaria de Gurupi . Dessa forma, não há registros históricos disponíveis sobre o desempenho dessas atividades. Dessa forma, os serviços propostos são fundamentais para a durabilidade das estruturas, redução de riscos e eficiência operacional das vias públicas e rodoviárias.
B19: ='REGIÃO 11 - HISTÓRICO'!B19 -> 16 | C19: R11 | D19: =_xlfn.XLOOKUP(tbResumoR11[[#This Row],[REGIÃO]],tbRegioes[Código Região],tbRegioes[Contrato],"") -> 049.2024 | E19: ='REGIÃO 11 - HISTÓRICO'!C19 -> 29 | F19: Maio | G19: ='REGIÃO 11 - HISTÓRICO'!D19 -> mai/jun/jul | H19: 205 | I19: =IF(tbResumoR11[[#This Row],[N° TRECHO]]="","",IFERROR(INDEX('REGIÃO 11 - TRECHOS'!$F$4:$F$119,MATCH(tbResumoR11[[#This Row],[N° TRECHO]],'REGIÃO 11 - TRECHOS'!$E$4:$E$119,0)),IFERROR(INDEX('REGIÃO 12 - TRECHOS'!$F$4:$F$76,MATCH(tbResumoR11[[#This Row],[N° TRECHO]],'REGIÃO 12 - TRECHOS'!$E$4:$E$76,0)),IFERROR(INDEX('REGIÃO 13 - TRECHOS'!$F$4:$F$53,MATCH(tbResumoR11[[#This Row],[N° TRECHO]],'REGIÃO 13 - TRECHOS'!$E$4:$E$53,0)),"Trecho não cadastrado")))) -> RODOVIA TO-070 - TRECHO DUERÉ - ALIANÇA DO TOCANTINS | J19: Roçada | K19: ='REGIÃO 11 - HISTÓRICO'!E19 -> 16378.85 | L19: ='REGIÃO 11 - HISTÓRICO'!I19 -> Concluída
B20: ='REGIÃO 11 - HISTÓRICO'!B20 -> 17 | C20: R11 | D20: =_xlfn.XLOOKUP(tbResumoR11[[#This Row],[REGIÃO]],tbRegioes[Código Região],tbRegioes[Contrato],"") -> 049.2024 | E20: ='REGIÃO 11 - HISTÓRICO'!C20 -> 30 | F20: Maio | G20: ='REGIÃO 11 - HISTÓRICO'!D20 -> mai/jun/jul | H20: 218 | I20: =IF(tbResumoR11[[#This Row],[N° TRECHO]]="","",IFERROR(INDEX('REGIÃO 11 - TRECHOS'!$F$4:$F$119,MATCH(tbResumoR11[[#This Row],[N° TRECHO]],'REGIÃO 11 - TRECHOS'!$E$4:$E$119,0)),IFERROR(INDEX('REGIÃO 12 - TRECHOS'!$F$4:$F$76,MATCH(tbResumoR11[[#This Row],[N° TRECHO]],'REGIÃO 12 - TRECHOS'!$E$4:$E$76,0)),IFERROR(INDEX('REGIÃO 13 - TRECHOS'!$F$4:$F$53,MATCH(tbResumoR11[[#This Row],[N° TRECHO]],'REGIÃO 13 - TRECHOS'!$E$4:$E$53,0)),"Trecho não cadastrado")))) -> RODOVIA TO-373 - TRECHO ALVORADA - ARAGUAÇU - DIVISA TO-GO | J20: Roçada | K20: ='REGIÃO 11 - HISTÓRICO'!E20 -> 39853.56 | L20: ='REGIÃO 11 - HISTÓRICO'!I20 -> Concluída
B21: ='REGIÃO 11 - HISTÓRICO'!B21 -> 18 | C21: R11 | D21: =_xlfn.XLOOKUP(tbResumoR11[[#This Row],[REGIÃO]],tbRegioes[Código Região],tbRegioes[Contrato],"") -> 049.2024 | E21: ='REGIÃO 11 - HISTÓRICO'!C21 -> 31 | F21: Maio | G21: ='REGIÃO 11 - HISTÓRICO'!D21 -> mai/jun/jul | H21: 219 | I21: =IF(tbResumoR11[[#This Row],[N° TRECHO]]="","",IFERROR(INDEX('REGIÃO 11 - TRECHOS'!$F$4:$F$119,MATCH(tbResumoR11[[#This Row],[N° TRECHO]],'REGIÃO 11 - TRECHOS'!$E$4:$E$119,0)),IFERROR(INDEX('REGIÃO 12 - TRECHOS'!$F$4:$F$76,MATCH(tbResumoR11[[#This Row],[N° TRECHO]],'REGIÃO 12 - TRECHOS'!$E$4:$E$76,0)),IFERROR(INDEX('REGIÃO 13 - TRECHOS'!$F$4:$F$53,MATCH(tbResumoR11[[#This Row],[N° TRECHO]],'REGIÃO 13 - TRECHOS'!$E$4:$E$53,0)),"Trecho não cadastrado")))) -> RODOVIA TO-374 - TRECHO DUERÉ - GURUPI | J21: Roçada | K21: ='REGIÃO 11 - HISTÓRICO'!E21 -> 18928.21 | L21: ='REGIÃO 11 - HISTÓRICO'!I21 -> Concluída
B22: ='REGIÃO 11 - HISTÓRICO'!B22 -> 19 | C22: R11 | D22: =_xlfn.XLOOKUP(tbResumoR11[[#This Row],[REGIÃO]],tbRegioes[Código Região],tbRegioes[Contrato],"") -> 049.2024 | E22: ='REGIÃO 11 - HISTÓRICO'!C22 -> 32 | F22: Maio | G22: ='REGIÃO 11 - HISTÓRICO'!D22 -> mai/jun | H22: 204 | I22: =IF(tbResumoR11[[#This Row],[N° TRECHO]]="","",IFERROR(INDEX('REGIÃO 11 - TRECHOS'!$F$4:$F$119,MATCH(tbResumoR11[[#This Row],[N° TRECHO]],'REGIÃO 11 - TRECHOS'!$E$4:$E$119,0)),IFERROR(INDEX('REGIÃO 12 - TRECHOS'!$F$4:$F$76,MATCH(tbResumoR11[[#This Row],[N° TRECHO]],'REGIÃO 12 - TRECHOS'!$E$4:$E$76,0)),IFERROR(INDEX('REGIÃO 13 - TRECHOS'!$F$4:$F$53,MATCH(tbResumoR11[[#This Row],[N° TRECHO]],'REGIÃO 13 - TRECHOS'!$E$4:$E$53,0)),"Trecho não cadastrado")))) -> RODOVIA TO-070 - TRECHO ALIANÇA DO TOCANTINS - BREJINHO DE NAZARÉ | J22: Roçada / Remendo profundo | K22: ='REGIÃO 11 - HISTÓRICO'!E22 -> 37930.29 | L22: ='REGIÃO 11 - HISTÓRICO'!I22 -> Concluída
B23: ='REGIÃO 11 - HISTÓRICO'!B23 -> 20 | C23: R11 | D23: =_xlfn.XLOOKUP(tbResumoR11[[#This Row],[REGIÃO]],tbRegioes[Código Região],tbRegioes[Contrato],"") -> 049.2024 | E23: ='REGIÃO 11 - HISTÓRICO'!C23 -> 33 | F23: Maio | G23: ='REGIÃO 11 - HISTÓRICO'!D23 -> mai/jun | H23: 216 | I23: =IF(tbResumoR11[[#This Row],[N° TRECHO]]="","",IFERROR(INDEX('REGIÃO 11 - TRECHOS'!$F$4:$F$119,MATCH(tbResumoR11[[#This Row],[N° TRECHO]],'REGIÃO 11 - TRECHOS'!$E$4:$E$119,0)),IFERROR(INDEX('REGIÃO 12 - TRECHOS'!$F$4:$F$76,MATCH(tbResumoR11[[#This Row],[N° TRECHO]],'REGIÃO 12 - TRECHOS'!$E$4:$E$76,0)),IFERROR(INDEX('REGIÃO 13 - TRECHOS'!$F$4:$F$53,MATCH(tbResumoR11[[#This Row],[N° TRECHO]],'REGIÃO 13 - TRECHOS'!$E$4:$E$53,0)),"Trecho não cadastrado")))) -> RODOVIA TO-365 - TRECHO RIO TOCANTINS (BALSA) - TREVO DA PRAIA - ENTR. BR-153 | J23: Roçada | K23: ='REGIÃO 11 - HISTÓRICO'!E23 -> 21028 | L23: ='REGIÃO 11 - HISTÓRICO'!I23 -> Concluída
B24: ='REGIÃO 11 - HISTÓRICO'!B24 -> 21 | C24: R11 | D24: =_xlfn.XLOOKUP(tbResumoR11[[#This Row],[REGIÃO]],tbRegioes[Código Região],tbRegioes[Contrato],"") -> 049.2024 | E24: ='REGIÃO 11 - HISTÓRICO'!C24 -> 34 | F24: Junho | G24: ='REGIÃO 11 - HISTÓRICO'!D24 -> jun/jul | H24: 208 | I24: =IF(tbResumoR11[[#This Row],[N° TRECHO]]="","",IFERROR(INDEX('REGIÃO 11 - TRECHOS'!$F$4:$F$119,MATCH(tbResumoR11[[#This Row],[N° TRECHO]],'REGIÃO 11 - TRECHOS'!$E$4:$E$119,0)),IFERROR(INDEX('REGIÃO 12 - TRECHOS'!$F$4:$F$76,MATCH(tbResumoR11[[#This Row],[N° TRECHO]],'REGIÃO 12 - TRECHOS'!$E$4:$E$76,0)),IFERROR(INDEX('REGIÃO 13 - TRECHOS'!$F$4:$F$53,MATCH(tbResumoR11[[#This Row],[N° TRECHO]],'REGIÃO 13 - TRECHOS'!$E$4:$E$53,0)),"Trecho não cadastrado")))) -> RODOVIA TO-181 - TRECHO ENTR. TO-481 (CAPAO DO COCO) - FAZENDA COBRAPE | J24: Terraplenagem / Reconformação da plataforma / Recomposição do revestimento primário | K24: ='REGIÃO 11 - HISTÓRICO'!E24 -> 592238.52 | L24: ='REGIÃO 11 - HISTÓRICO'!I24 -> Concluída
B25: ='REGIÃO 11 - HISTÓRICO'!B25 -> 22 | C25: R11 | D25: =_xlfn.XLOOKUP(tbResumoR11[[#This Row],[REGIÃO]],tbRegioes[Código Região],tbRegioes[Contrato],"") -> 049.2024 | E25: ='REGIÃO 11 - HISTÓRICO'!C25 -> 35 | F25: Junho | G25: ='REGIÃO 11 - HISTÓRICO'!D25 -> jun/jul | H25: 210 | I25: =IF(tbResumoR11[[#This Row],[N° TRECHO]]="","",IFERROR(INDEX('REGIÃO 11 - TRECHOS'!$F$4:$F$119,MATCH(tbResumoR11[[#This Row],[N° TRECHO]],'REGIÃO 11 - TRECHOS'!$E$4:$E$119,0)),IFERROR(INDEX('REGIÃO 12 - TRECHOS'!$F$4:$F$76,MATCH(tbResumoR11[[#This Row],[N° TRECHO]],'REGIÃO 12 - TRECHOS'!$E$4:$E$76,0)),IFERROR(INDEX('REGIÃO 13 - TRECHOS'!$F$4:$F$53,MATCH(tbResumoR11[[#This Row],[N° TRECHO]],'REGIÃO 13 - TRECHOS'!$E$4:$E$53,0)),"Trecho não cadastrado")))) -> RODOVIA TO-181 - TRECHO ENTR. BR-242 - FUNDAÇÃO BRADESCO | J25: Tapa-Buraco CAE | K25: ='REGIÃO 11 - HISTÓRICO'!E25 -> 34721.02 | L25: ='REGIÃO 11 - HISTÓRICO'!I25 -> Concluída
B26: ='REGIÃO 11 - HISTÓRICO'!B26 -> 23 | C26: R11 | D26: =_xlfn.XLOOKUP(tbResumoR11[[#This Row],[REGIÃO]],tbRegioes[Código Região],tbRegioes[Contrato],"") -> 049.2024 | E26: ='REGIÃO 11 - HISTÓRICO'!C26 -> 36 | F26: Agosto | G26: ='REGIÃO 11 - HISTÓRICO'!D26 -> ago/set/out | H26: 202 | I26: =IF(tbResumoR11[[#This Row],[N° TRECHO]]="","",IFERROR(INDEX('REGIÃO 11 - TRECHOS'!$F$4:$F$119,MATCH(tbResumoR11[[#This Row],[N° TRECHO]],'REGIÃO 11 - TRECHOS'!$E$4:$E$119,0)),IFERROR(INDEX('REGIÃO 12 - TRECHOS'!$F$4:$F$76,MATCH(tbResumoR11[[#This Row],[N° TRECHO]],'REGIÃO 12 - TRECHOS'!$E$4:$E$76,0)),IFERROR(INDEX('REGIÃO 13 - TRECHOS'!$F$4:$F$53,MATCH(tbResumoR11[[#This Row],[N° TRECHO]],'REGIÃO 13 - TRECHOS'!$E$4:$E$53,0)),"Trecho não cadastrado")))) -> RODOVIA TO-070 - TRECHO SANDOLÂNDIA - FORMOSO DO ARAGUAIA | J26: Roçada | K26: ='REGIÃO 11 - HISTÓRICO'!E26 -> 52055.37 | L26: ='REGIÃO 11 - HISTÓRICO'!I26 -> Concluída
B27: ='REGIÃO 11 - HISTÓRICO'!B27 -> 24 | C27: R11 | D27: =_xlfn.XLOOKUP(tbResumoR11[[#This Row],[REGIÃO]],tbRegioes[Código Região],tbRegioes[Contrato],"") -> 049.2024 | E27: ='REGIÃO 11 - HISTÓRICO'!C27 -> 37 | F27: Agosto | G27: ='REGIÃO 11 - HISTÓRICO'!D27 -> ago/set | H27: 212 | I27: =IF(tbResumoR11[[#This Row],[N° TRECHO]]="","",IFERROR(INDEX('REGIÃO 11 - TRECHOS'!$F$4:$F$119,MATCH(tbResumoR11[[#This Row],[N° TRECHO]],'REGIÃO 11 - TRECHOS'!$E$4:$E$119,0)),IFERROR(INDEX('REGIÃO 12 - TRECHOS'!$F$4:$F$76,MATCH(tbResumoR11[[#This Row],[N° TRECHO]],'REGIÃO 12 - TRECHOS'!$E$4:$E$76,0)),IFERROR(INDEX('REGIÃO 13 - TRECHOS'!$F$4:$F$53,MATCH(tbResumoR11[[#This Row],[N° TRECHO]],'REGIÃO 13 - TRECHOS'!$E$4:$E$53,0)),"Trecho não cadastrado")))) -> RODOVIA TO-181 - TRECHO ARAGUAÇU - SANDOLÂNDIA | J27: Roçada | K27: ='REGIÃO 11 - HISTÓRICO'!E27 -> 25053.71 | L27: ='REGIÃO 11 - HISTÓRICO'!I27 -> Concluída
B28: ='REGIÃO 11 - HISTÓRICO'!B28 -> 25 | C28: R11 | D28: =_xlfn.XLOOKUP(tbResumoR11[[#This Row],[REGIÃO]],tbRegioes[Código Região],tbRegioes[Contrato],"") -> 049.2024 | E28: ='REGIÃO 11 - HISTÓRICO'!C28 -> 38 | F28: Agosto | G28: ='REGIÃO 11 - HISTÓRICO'!D28 -> ago/set | H28: 218 | I28: =IF(tbResumoR11[[#This Row],[N° TRECHO]]="","",IFERROR(INDEX('REGIÃO 11 - TRECHOS'!$F$4:$F$119,MATCH(tbResumoR11[[#This Row],[N° TRECHO]],'REGIÃO 11 - TRECHOS'!$E$4:$E$119,0)),IFERROR(INDEX('REGIÃO 12 - TRECHOS'!$F$4:$F$76,MATCH(tbResumoR11[[#This Row],[N° TRECHO]],'REGIÃO 12 - TRECHOS'!$E$4:$E$76,0)),IFERROR(INDEX('REGIÃO 13 - TRECHOS'!$F$4:$F$53,MATCH(tbResumoR11[[#This Row],[N° TRECHO]],'REGIÃO 13 - TRECHOS'!$E$4:$E$53,0)),"Trecho não cadastrado")))) -> RODOVIA TO-373 - TRECHO ALVORADA - ARAGUAÇU - DIVISA TO-GO | J28: Roçada | K28: ='REGIÃO 11 - HISTÓRICO'!E28 -> 54614.53 | L28: ='REGIÃO 11 - HISTÓRICO'!I28 -> Cancelada | M28: O serviço de roçagem e poda nas rodovias é fundamental para garantir a segurança viária, pois melhora a visibilidade da sinalização, evita o esconderijo de animais que podem invadir a pista e reduz o risco de incêndios causados por vegetação seca. Além disso, contribui para a conservação da estrada e para a estética da via.
B29: ='REGIÃO 11 - HISTÓRICO'!B29 -> 26 | C29: R11 | D29: =_xlfn.XLOOKUP(tbResumoR11[[#This Row],[REGIÃO]],tbRegioes[Código Região],tbRegioes[Contrato],"") -> 049.2024 | E29: ='REGIÃO 11 - HISTÓRICO'!C29 -> 39 | F29: Julho | G29: ='REGIÃO 11 - HISTÓRICO'!D29 -> jul/ago/set | H29: 204 | I29: =IF(tbResumoR11[[#This Row],[N° TRECHO]]="","",IFERROR(INDEX('REGIÃO 11 - TRECHOS'!$F$4:$F$119,MATCH(tbResumoR11[[#This Row],[N° TRECHO]],'REGIÃO 11 - TRECHOS'!$E$4:$E$119,0)),IFERROR(INDEX('REGIÃO 12 - TRECHOS'!$F$4:$F$76,MATCH(tbResumoR11[[#This Row],[N° TRECHO]],'REGIÃO 12 - TRECHOS'!$E$4:$E$76,0)),IFERROR(INDEX('REGIÃO 13 - TRECHOS'!$F$4:$F$53,MATCH(tbResumoR11[[#This Row],[N° TRECHO]],'REGIÃO 13 - TRECHOS'!$E$4:$E$53,0)),"Trecho não cadastrado")))) -> RODOVIA TO-070 - TRECHO ALIANÇA DO TOCANTINS - BREJINHO DE NAZARÉ | J29: Roçada / Tapa-Buraco PMF | K29: ='REGIÃO 11 - HISTÓRICO'!E29 -> 49869.41 | L29: ='REGIÃO 11 - HISTÓRICO'!I29 -> Justificada
B30: ='REGIÃO 11 - HISTÓRICO'!B31 -> 28 | C30: R11 | D30: =_xlfn.XLOOKUP(tbResumoR11[[#This Row],[REGIÃO]],tbRegioes[Código Região],tbRegioes[Contrato],"") -> 049.2024 | E30: ='REGIÃO 11 - HISTÓRICO'!C30 -> 40 | F30: Outubro | G30: ='REGIÃO 11 - HISTÓRICO'!D30 -> out | H30: 204 | I30: =IF(tbResumoR11[[#This Row],[N° TRECHO]]="","",IFERROR(INDEX('REGIÃO 11 - TRECHOS'!$F$4:$F$119,MATCH(tbResumoR11[[#This Row],[N° TRECHO]],'REGIÃO 11 - TRECHOS'!$E$4:$E$119,0)),IFERROR(INDEX('REGIÃO 12 - TRECHOS'!$F$4:$F$76,MATCH(tbResumoR11[[#This Row],[N° TRECHO]],'REGIÃO 12 - TRECHOS'!$E$4:$E$76,0)),IFERROR(INDEX('REGIÃO 13 - TRECHOS'!$F$4:$F$53,MATCH(tbResumoR11[[#This Row],[N° TRECHO]],'REGIÃO 13 - TRECHOS'!$E$4:$E$53,0)),"Trecho não cadastrado")))) -> RODOVIA TO-070 - TRECHO ALIANÇA DO TOCANTINS - BREJINHO DE NAZARÉ | J30: Caiação de EDS e pontes | K30: ='REGIÃO 11 - HISTÓRICO'!E30 -> 2026.6 | L30: ='REGIÃO 11 - HISTÓRICO'!I30 -> Em elaboração
B31: ='REGIÃO 11 - HISTÓRICO'!B32 -> 29 | C31: R11 | D31: =_xlfn.XLOOKUP(tbResumoR11[[#This Row],[REGIÃO]],tbRegioes[Código Região],tbRegioes[Contrato],"") -> 049.2024 | E31: ='REGIÃO 11 - HISTÓRICO'!C31 -> 41 | F31: Agosto | G31: ='REGIÃO 11 - HISTÓRICO'!D31 -> ago/set | H31: 220 | I31: =IF(tbResumoR11[[#This Row],[N° TRECHO]]="","",IFERROR(INDEX('REGIÃO 11 - TRECHOS'!$F$4:$F$119,MATCH(tbResumoR11[[#This Row],[N° TRECHO]],'REGIÃO 11 - TRECHOS'!$E$4:$E$119,0)),IFERROR(INDEX('REGIÃO 12 - TRECHOS'!$F$4:$F$76,MATCH(tbResumoR11[[#This Row],[N° TRECHO]],'REGIÃO 12 - TRECHOS'!$E$4:$E$76,0)),IFERROR(INDEX('REGIÃO 13 - TRECHOS'!$F$4:$F$53,MATCH(tbResumoR11[[#This Row],[N° TRECHO]],'REGIÃO 13 - TRECHOS'!$E$4:$E$53,0)),"Trecho não cadastrado")))) -> RODOVIA TO-460 - TRECHO BR-242 (VILA QUIXABA) - SUCUPIRA | J31: Roçada | K31: ='REGIÃO 11 - HISTÓRICO'!E31 -> 7327.54 | L31: ='REGIÃO 11 - HISTÓRICO'!I31 -> Concluída
B32: ='REGIÃO 11 - HISTÓRICO'!B33 -> 30 | C32: R11 | D32: =_xlfn.XLOOKUP(tbResumoR11[[#This Row],[REGIÃO]],tbRegioes[Código Região],tbRegioes[Contrato],"") -> 049.2024 | E32: ='REGIÃO 11 - HISTÓRICO'!C32 -> 42 | F32: Agosto | G32: ='REGIÃO 11 - HISTÓRICO'!D32 -> ago/set | H32: 214 | I32: =IF(tbResumoR11[[#This Row],[N° TRECHO]]="","",IFERROR(INDEX('REGIÃO 11 - TRECHOS'!$F$4:$F$119,MATCH(tbResumoR11[[#This Row],[N° TRECHO]],'REGIÃO 11 - TRECHOS'!$E$4:$E$119,0)),IFERROR(INDEX('REGIÃO 12 - TRECHOS'!$F$4:$F$76,MATCH(tbResumoR11[[#This Row],[N° TRECHO]],'REGIÃO 12 - TRECHOS'!$E$4:$E$76,0)),IFERROR(INDEX('REGIÃO 13 - TRECHOS'!$F$4:$F$53,MATCH(tbResumoR11[[#This Row],[N° TRECHO]],'REGIÃO 13 - TRECHOS'!$E$4:$E$53,0)),"Trecho não cadastrado")))) -> RODOVIA TO-362 - TRECHO SANTA RITA DO TOCANTINS - BREJINHO DE NAZARÉ | J32: Reconformação da plataforma | K32: ='REGIÃO 11 - HISTÓRICO'!E32 -> 48592.65 | L32: ='REGIÃO 11 - HISTÓRICO'!I32 -> Justificada
B33: ='REGIÃO 11 - HISTÓRICO'!B34 -> 31 | C33: R11 | D33: =_xlfn.XLOOKUP(tbResumoR11[[#This Row],[REGIÃO]],tbRegioes[Código Região],tbRegioes[Contrato],"") -> 049.2024 | E33: ='REGIÃO 11 - HISTÓRICO'!C33 -> 43 | F33: Setembro | G33: ='REGIÃO 11 - HISTÓRICO'!D33 -> set/out | H33: 215 | I33: =IF(tbResumoR11[[#This Row],[N° TRECHO]]="","",IFERROR(INDEX('REGIÃO 11 - TRECHOS'!$F$4:$F$119,MATCH(tbResumoR11[[#This Row],[N° TRECHO]],'REGIÃO 11 - TRECHOS'!$E$4:$E$119,0)),IFERROR(INDEX('REGIÃO 12 - TRECHOS'!$F$4:$F$76,MATCH(tbResumoR11[[#This Row],[N° TRECHO]],'REGIÃO 12 - TRECHOS'!$E$4:$E$76,0)),IFERROR(INDEX('REGIÃO 13 - TRECHOS'!$F$4:$F$53,MATCH(tbResumoR11[[#This Row],[N° TRECHO]],'REGIÃO 13 - TRECHOS'!$E$4:$E$53,0)),"Trecho não cadastrado")))) -> RODOVIA TO-362 - TRECHO BREJINHO DE NAZARÉ - ENTR. TO-365 (ACESSO BALSA) | J33: Reconformação da plataforma | K33: ='REGIÃO 11 - HISTÓRICO'!E33 -> 39048.17 | L33: ='REGIÃO 11 - HISTÓRICO'!I33 -> Em elaboração
B34: ='REGIÃO 11 - HISTÓRICO'!B35 -> 32 | C34: R11 | D34: =_xlfn.XLOOKUP(tbResumoR11[[#This Row],[REGIÃO]],tbRegioes[Código Região],tbRegioes[Contrato],"") -> 049.2024 | E34: ='REGIÃO 11 - HISTÓRICO'!C34 -> 44 | F34: Setembro | G34: ='REGIÃO 11 - HISTÓRICO'!D34 -> set/out | H34: 216 | I34: =IF(tbResumoR11[[#This Row],[N° TRECHO]]="","",IFERROR(INDEX('REGIÃO 11 - TRECHOS'!$F$4:$F$119,MATCH(tbResumoR11[[#This Row],[N° TRECHO]],'REGIÃO 11 - TRECHOS'!$E$4:$E$119,0)),IFERROR(INDEX('REGIÃO 12 - TRECHOS'!$F$4:$F$76,MATCH(tbResumoR11[[#This Row],[N° TRECHO]],'REGIÃO 12 - TRECHOS'!$E$4:$E$76,0)),IFERROR(INDEX('REGIÃO 13 - TRECHOS'!$F$4:$F$53,MATCH(tbResumoR11[[#This Row],[N° TRECHO]],'REGIÃO 13 - TRECHOS'!$E$4:$E$53,0)),"Trecho não cadastrado")))) -> RODOVIA TO-365 - TRECHO RIO TOCANTINS (BALSA) - TREVO DA PRAIA - ENTR. BR-153 | J34: Reconformação da plataforma | K34: ='REGIÃO 11 - HISTÓRICO'!E34 -> 36149.23 | L34: ='REGIÃO 11 - HISTÓRICO'!I34 -> Em elaboração
B35: ='REGIÃO 11 - HISTÓRICO'!B36 -> 33 | C35: R11 | D35: =_xlfn.XLOOKUP(tbResumoR11[[#This Row],[REGIÃO]],tbRegioes[Código Região],tbRegioes[Contrato],"") -> 049.2024 | E35: ='REGIÃO 11 - HISTÓRICO'!C35 -> 45 | F35: Agosto | G35: ='REGIÃO 11 - HISTÓRICO'!D35 -> ago/set | H35: 221 | I35: =IF(tbResumoR11[[#This Row],[N° TRECHO]]="","",IFERROR(INDEX('REGIÃO 11 - TRECHOS'!$F$4:$F$119,MATCH(tbResumoR11[[#This Row],[N° TRECHO]],'REGIÃO 11 - TRECHOS'!$E$4:$E$119,0)),IFERROR(INDEX('REGIÃO 12 - TRECHOS'!$F$4:$F$76,MATCH(tbResumoR11[[#This Row],[N° TRECHO]],'REGIÃO 12 - TRECHOS'!$E$4:$E$76,0)),IFERROR(INDEX('REGIÃO 13 - TRECHOS'!$F$4:$F$53,MATCH(tbResumoR11[[#This Row],[N° TRECHO]],'REGIÃO 13 - TRECHOS'!$E$4:$E$53,0)),"Trecho não cadastrado")))) -> RODOVIA TO-481 - TRECHO DUERÉ - ENTR. TO-181 (CAPAO DO COCO) | J35: Reconformação da plataforma | K35: ='REGIÃO 11 - HISTÓRICO'!E35 -> 82686.17 | L35: ='REGIÃO 11 - HISTÓRICO'!I35 -> Concluída
B36: ='REGIÃO 11 - HISTÓRICO'!B36 -> 33 | C36: R11 | D36: =_xlfn.XLOOKUP(tbResumoR11[[#This Row],[REGIÃO]],tbRegioes[Código Região],tbRegioes[Contrato],"") -> 049.2024 | E36: ='REGIÃO 11 - HISTÓRICO'!C36 -> 46 | F36: Outubro | G36: ='REGIÃO 11 - HISTÓRICO'!D36 -> out | H36: 206 | I36: =IF(tbResumoR11[[#This Row],[N° TRECHO]]="","",IFERROR(INDEX('REGIÃO 11 - TRECHOS'!$F$4:$F$119,MATCH(tbResumoR11[[#This Row],[N° TRECHO]],'REGIÃO 11 - TRECHOS'!$E$4:$E$119,0)),IFERROR(INDEX('REGIÃO 12 - TRECHOS'!$F$4:$F$76,MATCH(tbResumoR11[[#This Row],[N° TRECHO]],'REGIÃO 12 - TRECHOS'!$E$4:$E$76,0)),IFERROR(INDEX('REGIÃO 13 - TRECHOS'!$F$4:$F$53,MATCH(tbResumoR11[[#This Row],[N° TRECHO]],'REGIÃO 13 - TRECHOS'!$E$4:$E$53,0)),"Trecho não cadastrado")))) -> RODOVIA TO-070 - TRECHO FORMOSO DO ARAGUAIA - DUERÉ | J36: Caiação de EDS e pontes | K36: ='REGIÃO 11 - HISTÓRICO'!E36 -> 2279.68 | L36: ='REGIÃO 11 - HISTÓRICO'!I36 -> Em elaboração
B37: ='REGIÃO 11 - HISTÓRICO'!B37 -> 34 | C37: R11 | D37: =_xlfn.XLOOKUP(tbResumoR11[[#This Row],[REGIÃO]],tbRegioes[Código Região],tbRegioes[Contrato],"") -> 049.2024 | E37: ='REGIÃO 11 - HISTÓRICO'!C37 -> 47 | F37: Outubro | G37: ='REGIÃO 11 - HISTÓRICO'!D37 -> out/nov | H37: 207 | I37: =IF(tbResumoR11[[#This Row],[N° TRECHO]]="","",IFERROR(INDEX('REGIÃO 11 - TRECHOS'!$F$4:$F$119,MATCH(tbResumoR11[[#This Row],[N° TRECHO]],'REGIÃO 11 - TRECHOS'!$E$4:$E$119,0)),IFERROR(INDEX('REGIÃO 12 - TRECHOS'!$F$4:$F$76,MATCH(tbResumoR11[[#This Row],[N° TRECHO]],'REGIÃO 12 - TRECHOS'!$E$4:$E$76,0)),IFERROR(INDEX('REGIÃO 13 - TRECHOS'!$F$4:$F$53,MATCH(tbResumoR11[[#This Row],[N° TRECHO]],'REGIÃO 13 - TRECHOS'!$E$4:$E$53,0)),"Trecho não cadastrado")))) -> RODOVIA TO-181 - TRECHO ENTR. TO-255 - ENTR. TO-481 (CAPAO DO COCO) | J37: SERVIÇOS MANUTENÇÃO | K37: ='REGIÃO 11 - HISTÓRICO'!E37 -> 78662.67 | L37: ='REGIÃO 11 - HISTÓRICO'!I37 -> Em elaboração
B38: ='REGIÃO 11 - HISTÓRICO'!B38 -> 35 | C38: R11 | D38: =_xlfn.XLOOKUP(tbResumoR11[[#This Row],[REGIÃO]],tbRegioes[Código Região],tbRegioes[Contrato],"") -> 049.2024 | E38: ='REGIÃO 11 - HISTÓRICO'!C38 -> 48 | F38: Outubro | G38: ='REGIÃO 11 - HISTÓRICO'!D38 -> out | H38: 208 | I38: =IF(tbResumoR11[[#This Row],[N° TRECHO]]="","",IFERROR(INDEX('REGIÃO 11 - TRECHOS'!$F$4:$F$119,MATCH(tbResumoR11[[#This Row],[N° TRECHO]],'REGIÃO 11 - TRECHOS'!$E$4:$E$119,0)),IFERROR(INDEX('REGIÃO 12 - TRECHOS'!$F$4:$F$76,MATCH(tbResumoR11[[#This Row],[N° TRECHO]],'REGIÃO 12 - TRECHOS'!$E$4:$E$76,0)),IFERROR(INDEX('REGIÃO 13 - TRECHOS'!$F$4:$F$53,MATCH(tbResumoR11[[#This Row],[N° TRECHO]],'REGIÃO 13 - TRECHOS'!$E$4:$E$53,0)),"Trecho não cadastrado")))) -> RODOVIA TO-181 - TRECHO ENTR. TO-481 (CAPAO DO COCO) - FAZENDA COBRAPE | J38: SERVIÇOS MANUTENÇÃO | K38: ='REGIÃO 11 - HISTÓRICO'!E38 -> 2814.46 | L38: ='REGIÃO 11 - HISTÓRICO'!I38 -> Em elaboração
B39: ='REGIÃO 11 - HISTÓRICO'!B39 -> 36 | C39: R11 | D39: =_xlfn.XLOOKUP(tbResumoR11[[#This Row],[REGIÃO]],tbRegioes[Código Região],tbRegioes[Contrato],"") -> 049.2024 | E39: ='REGIÃO 11 - HISTÓRICO'!C39 -> 49 | F39: Outubro | G39: ='REGIÃO 11 - HISTÓRICO'!D39 -> out | H39: 210 | I39: =IF(tbResumoR11[[#This Row],[N° TRECHO]]="","",IFERROR(INDEX('REGIÃO 11 - TRECHOS'!$F$4:$F$119,MATCH(tbResumoR11[[#This Row],[N° TRECHO]],'REGIÃO 11 - TRECHOS'!$E$4:$E$119,0)),IFERROR(INDEX('REGIÃO 12 - TRECHOS'!$F$4:$F$76,MATCH(tbResumoR11[[#This Row],[N° TRECHO]],'REGIÃO 12 - TRECHOS'!$E$4:$E$76,0)),IFERROR(INDEX('REGIÃO 13 - TRECHOS'!$F$4:$F$53,MATCH(tbResumoR11[[#This Row],[N° TRECHO]],'REGIÃO 13 - TRECHOS'!$E$4:$E$53,0)),"Trecho não cadastrado")))) -> RODOVIA TO-181 - TRECHO ENTR. BR-242 - FUNDAÇÃO BRADESCO | J39: SERVIÇOS MANUTENÇÃO | K39: ='REGIÃO 11 - HISTÓRICO'!E39 -> 1154.46 | L39: ='REGIÃO 11 - HISTÓRICO'!I39 -> Em elaboração
B40: ='REGIÃO 11 - HISTÓRICO'!B37 -> 34 | C40: R11 | D40: =_xlfn.XLOOKUP(tbResumoR11[[#This Row],[REGIÃO]],tbRegioes[Código Região],tbRegioes[Contrato],"") -> 049.2024 | E40: ='REGIÃO 11 - HISTÓRICO'!C40 -> 50 | F40: Outubro | G40: ='REGIÃO 11 - HISTÓRICO'!D40 -> out | H40: 213 | I40: =IF(tbResumoR11[[#This Row],[N° TRECHO]]="","",IFERROR(INDEX('REGIÃO 11 - TRECHOS'!$F$4:$F$119,MATCH(tbResumoR11[[#This Row],[N° TRECHO]],'REGIÃO 11 - TRECHOS'!$E$4:$E$119,0)),IFERROR(INDEX('REGIÃO 12 - TRECHOS'!$F$4:$F$76,MATCH(tbResumoR11[[#This Row],[N° TRECHO]],'REGIÃO 12 - TRECHOS'!$E$4:$E$76,0)),IFERROR(INDEX('REGIÃO 13 - TRECHOS'!$F$4:$F$53,MATCH(tbResumoR11[[#This Row],[N° TRECHO]],'REGIÃO 13 - TRECHOS'!$E$4:$E$53,0)),"Trecho não cadastrado")))) -> RODOVIA TO-181 - TRECHO ARAGUAÇU - DIVISA TO-GO | J40: SERVIÇOS MANUTENÇÃO | K40: ='REGIÃO 11 - HISTÓRICO'!E40 -> 1064.44 | L40: ='REGIÃO 11 - HISTÓRICO'!I40 -> Em elaboração
B41: ='REGIÃO 11 - HISTÓRICO'!B38 -> 35 | C41: R11 | D41: =_xlfn.XLOOKUP(tbResumoR11[[#This Row],[REGIÃO]],tbRegioes[Código Região],tbRegioes[Contrato],"") -> 049.2024 | E41: ='REGIÃO 11 - HISTÓRICO'!C41 -> 51 | F41: Outubro | G41: ='REGIÃO 11 - HISTÓRICO'!D41 -> out/nov | H41: 202 | I41: =IF(tbResumoR11[[#This Row],[N° TRECHO]]="","",IFERROR(INDEX('REGIÃO 11 - TRECHOS'!$F$4:$F$119,MATCH(tbResumoR11[[#This Row],[N° TRECHO]],'REGIÃO 11 - TRECHOS'!$E$4:$E$119,0)),IFERROR(INDEX('REGIÃO 12 - TRECHOS'!$F$4:$F$76,MATCH(tbResumoR11[[#This Row],[N° TRECHO]],'REGIÃO 12 - TRECHOS'!$E$4:$E$76,0)),IFERROR(INDEX('REGIÃO 13 - TRECHOS'!$F$4:$F$53,MATCH(tbResumoR11[[#This Row],[N° TRECHO]],'REGIÃO 13 - TRECHOS'!$E$4:$E$53,0)),"Trecho não cadastrado")))) -> RODOVIA TO-070 - TRECHO SANDOLÂNDIA - FORMOSO DO ARAGUAIA | J41: SERVIÇOS MANUTENÇÃO | K41: ='REGIÃO 11 - HISTÓRICO'!E41 -> 6823.93 | L41: ='REGIÃO 11 - HISTÓRICO'!I41 -> Em elaboração
B42: ='REGIÃO 11 - HISTÓRICO'!B51 -> 48 | C42: R11 | D42: =_xlfn.XLOOKUP(tbResumoR11[[#This Row],[REGIÃO]],tbRegioes[Código Região],tbRegioes[Contrato],"") -> 049.2024 | E42: ='REGIÃO 11 - HISTÓRICO'!C42 -> 52 | F42: Setembro | G42: ='REGIÃO 11 - HISTÓRICO'!D42 -> set/out/nov | H42: 212 | I42: =IF(tbResumoR11[[#This Row],[N° TRECHO]]="","",IFERROR(INDEX('REGIÃO 11 - TRECHOS'!$F$4:$F$119,MATCH(tbResumoR11[[#This Row],[N° TRECHO]],'REGIÃO 11 - TRECHOS'!$E$4:$E$119,0)),IFERROR(INDEX('REGIÃO 12 - TRECHOS'!$F$4:$F$76,MATCH(tbResumoR11[[#This Row],[N° TRECHO]],'REGIÃO 12 - TRECHOS'!$E$4:$E$76,0)),IFERROR(INDEX('REGIÃO 13 - TRECHOS'!$F$4:$F$53,MATCH(tbResumoR11[[#This Row],[N° TRECHO]],'REGIÃO 13 - TRECHOS'!$E$4:$E$53,0)),"Trecho não cadastrado")))) -> RODOVIA TO-181 - TRECHO ARAGUAÇU - SANDOLÂNDIA | J42: SERVIÇOS MANUTENÇÃO | K42: ='REGIÃO 11 - HISTÓRICO'!E42 -> 0 | L42: ='REGIÃO 11 - HISTÓRICO'!I42 -> Em elaboração
B43: ='REGIÃO 11 - HISTÓRICO'!B52 -> 49

Sheet REGIÃO 11 - HISTÓRICO
B2: REGIÃO 11 | J2: 46023 | L2: 46054 | N2: 46082 | P2: 46113 | R2: 46143 | T2: 46174 | V2: 46204 | X2: 46235 | Z2: 46266 | AB2: 46296 | AD2: 46327 | AF2: 46357
B3: ID | C3: OSP | D3: CRONOGRAMA | E3: VALOR PREVISTO | F3: TOTAL MEDIDO | G3: SALDO | H3: % | I3: SITUAÇÃO FINAL | J3: VALOR MEDIDO | K3: SITUAÇÃO | L3: VALOR MEDIDO | M3: SITUAÇÃO | N3: VALOR MEDIDO | O3: SITUAÇÃO | P3: VALOR MEDIDO | Q3: SITUAÇÃO | R3: VALOR MEDIDO | S3: SITUAÇÃO | T3: VALOR MEDIDO | U3: SITUAÇÃO | V3: VALOR MEDIDO | W3: SITUAÇÃO | X3: VALOR MEDIDO | Y3: SITUAÇÃO | Z3: VALOR MEDIDO | AA3: SITUAÇÃO | AB3: VALOR MEDIDO | AC3: SITUAÇÃO | AD3: VALOR MEDIDO | AE3: SITUAÇÃO | AF3: VALOR MEDIDO | AG3: SITUAÇÃO
B4: =ROW()-ROW($B$3) -> 1 | C4: 14 | D4: jan/fev/mar | E4: 177657.57 | F4: =SUM(J4,L4,N4,P4,R4,T4,V4,X4,Z4,AB4,AD4,AF4) -> 131038.59 | G4: =E4-F4 -> 46618.98 | H4: =IFERROR(F4/E4,0) -> 0.7375908 | I4: {=IFERROR(LOOKUP(2,1/((MOD(COLUMN($K4:$AG4),2)=1)*($K4:$AG4<>"-")*($K4:$AG4<>"")),$K4:$AG4),"-")} -> Concluída | K4: Justificada | L4: 61902.72 | M4: Em andamento | N4: 69135.87 | O4: Concluída
B5: =ROW()-ROW($B$3) -> 2 | C5: 15 | D5: jan/fev | E5: 25453.98 | F5: =SUM(J5,L5,N5,P5,R5,T5,V5,X5,Z5,AB5,AD5,AF5) -> 24168.68 | G5: =E5-F5 -> 1285.3 | H5: =IFERROR(F5/E5,0) -> 0.94950495 | I5: {=IFERROR(LOOKUP(2,1/((MOD(COLUMN($K5:$AG5),2)=1)*($K5:$AG5<>"-")*($K5:$AG5<>"")),$K5:$AG5),"-")} -> Concluída | K5: Justificada | L5: 24168.68 | M5: Concluída
B6: =ROW()-ROW($B$3) -> 3 | C6: 16 | D6: jan/fev/mar | E6: 42260.27 | F6: =SUM(J6,L6,N6,P6,R6,T6,V6,X6,Z6,AB6,AD6,AF6) -> 32481.46 | G6: =E6-F6 -> 9778.81 | H6: =IFERROR(F6/E6,0) -> 0.76860512 | I6: {=IFERROR(LOOKUP(2,1/((MOD(COLUMN($K6:$AG6),2)=1)*($K6:$AG6<>"-")*($K6:$AG6<>"")),$K6:$AG6),"-")} -> Concluída | K6: Justificada | L6: 32481.46 | M6: Concluída
B7: =ROW()-ROW($B$3) -> 4 | C7: 17 | D7: jan/fev | E7: 50319.98 | F7: =SUM(J7,L7,N7,P7,R7,T7,V7,X7,Z7,AB7,AD7,AF7) -> 47237.42 | G7: =E7-F7 -> 3082.56 | H7: =IFERROR(F7/E7,0) -> 0.93874083 | I7: {=IFERROR(LOOKUP(2,1/((MOD(COLUMN($K7:$AG7),2)=1)*($K7:$AG7<>"-")*($K7:$AG7<>"")),$K7:$AG7),"-")} -> Concluída | K7: Justificada | L7: 47237.42 | M7: Concluída
B8: =ROW()-ROW($B$3) -> 5 | C8: 18 | D8: fev/mar/abr | E8: 842266.55 | F8: =SUM(J8,L8,N8,P8,R8,T8,V8,X8,Z8,AB8,AD8,AF8) -> 328867.72 | G8: =E8-F8 -> 513398.83 | H8: =IFERROR(F8/E8,0) -> 0.39045563 | I8: {=IFERROR(LOOKUP(2,1/((MOD(COLUMN($K8:$AG8),2)=1)*($K8:$AG8<>"-")*($K8:$AG8<>"")),$K8:$AG8),"-")} -> Concluída | L8: 42026.62 | M8: Em andamento | O8: Justificada | P8: 286841.1 | Q8: Concluída
B9: =ROW()-ROW($B$3) -> 6 | C9: 19 | D9: fev/mar/abr | E9: 583705.47 | F9: =SUM(J9,L9,N9,P9,R9,T9,V9,X9,Z9,AB9,AD9,AF9) -> 582321.23 | G9: =E9-F9 -> 1384.24 | H9: =IFERROR(F9/E9,0) -> 0.99762853 | I9: {=IFERROR(LOOKUP(2,1/((MOD(COLUMN($K9:$AG9),2)=1)*($K9:$AG9<>"-")*($K9:$AG9<>"")),$K9:$AG9),"-")} -> Concluída | L9: 222834.09 | M9: Em andamento | N9: 359487.14 | O9: Concluída
B10: =ROW()-ROW($B$3) -> 7 | C10: 20 | D10: mar/abr/mai | E10: 38576.29 | F10: =SUM(J10,L10,N10,P10,R10,T10,V10,X10,Z10,AB10,AD10,AF10) -> 36651.57 | G10: =E10-F10 -> 1924.72 | H10: =IFERROR(F10/E10,0) -> 0.95010614 | I10: {=IFERROR(LOOKUP(2,1/((MOD(COLUMN($K10:$AG10),2)=1)*($K10:$AG10<>"-")*($K10:$AG10<>"")),$K10:$AG10),"-")} -> Concluída | N10: 36651.57 | O10: Concluída
B11: =ROW()-ROW($B$3) -> 8 | C11: 21 | D11: mar/abr/mai | E11: 390709.12 | F11: =SUM(J11,L11,N11,P11,R11,T11,V11,X11,Z11,AB11,AD11,AF11) -> 389020.48 | G11: =E11-F11 -> 1688.64 | H11: =IFERROR(F11/E11,0) -> 0.99567801 | I11: {=IFERROR(LOOKUP(2,1/((MOD(COLUMN($K11:$AG11),2)=1)*($K11:$AG11<>"-")*($K11:$AG11<>"")),$K11:$AG11),"-")} -> Concluída | O11: Justificada | P11: 302300.44 | Q11: Em andamento | R11: 86720.04 | S11: Concluída
B12: =ROW()-ROW($B$3) -> 9 | C12: 22 | D12: mar/abr/mai | E12: 318931.06 | F12: =SUM(J12,L12,N12,P12,R12,T12,V12,X12,Z12,AB12,AD12,AF12) -> 100041.19 | G12: =E12-F12 -> 218889.87 | H12: =IFERROR(F12/E12,0) -> 0.31367654 | I12: {=IFERROR(LOOKUP(2,1/((MOD(COLUMN($K12:$AG12),2)=1)*($K12:$AG12<>"-")*($K12:$AG12<>"")),$K12:$AG12),"-")} -> Concluída | O12: Justificada | P12: 9520.64 | Q12: Em andamento | R12: 90520.55 | S12: Concluída
B13: =ROW()-ROW($B$3) -> 10 | C13: 23 | D13: mar/abr/mai | E13: 259096.53 | F13: =SUM(J13,L13,N13,P13,R13,T13,V13,X13,Z13,AB13,AD13,AF13) -> 0 | G13: =E13-F13 -> 259096.53 | H13: =IFERROR(F13/E13,0) -> 0 | I13: {=IFERROR(LOOKUP(2,1/((MOD(COLUMN($K13:$AG13),2)=1)*($K13:$AG13<>"-")*($K13:$AG13<>"")),$K13:$AG13),"-")} -> Cancelada | O13: Justificada | P13: 0 | Q13: Cancelada
B14: =ROW()-ROW($B$3) -> 11 | C14: 24 | D14: mar/abr/mai | E14: 86715.58 | F14: =SUM(J14,L14,N14,P14,R14,T14,V14,X14,Z14,AB14,AD14,AF14) -> 0 | G14: =E14-F14 -> 86715.58 | H14: =IFERROR(F14/E14,0) -> 0 | I14: {=IFERROR(LOOKUP(2,1/((MOD(COLUMN($K14:$AG14),2)=1)*($K14:$AG14<>"-")*($K14:$AG14<>"")),$K14:$AG14),"-")} -> Cancelada | O14: Justificada | P14: 0 | Q14: Cancelada
B15: =ROW()-ROW($B$3) -> 12 | C15: 25 | D15: mar | E15: 3173.97 | F15: =SUM(J15,L15,N15,P15,R15,T15,V15,X15,Z15,AB15,AD15,AF15) -> 3173.97 | G15: =E15-F15 -> 0 | H15: =IFERROR(F15/E15,0) -> 1 | I15: {=IFERROR(LOOKUP(2,1/((MOD(COLUMN($K15:$AG15),2)=1)*($K15:$AG15<>"-")*($K15:$AG15<>"")),$K15:$AG15),"-")} -> Concluída | R15: 3173.97 | S15: Concluída
B16: =ROW()-ROW($B$3) -> 13 | C16: 26 | D16: abr/mai | E16: 31085.39 | F16: =SUM(J16,L16,N16,P16,R16,T16,V16,X16,Z16,AB16,AD16,AF16) -> 27578.35 | G16: =E16-F16 -> 3507.04 | H16: =IFERROR(F16/E16,0) -> 0.88718044 | I16: {=IFERROR(LOOKUP(2,1/((MOD(COLUMN($K16:$AG16),2)=1)*($K16:$AG16<>"-")*($K16:$AG16<>"")),$K16:$AG16),"-")} -> Concluída | Q16: Justificada | R16: 27578.35 | S16: Concluída
B17: =ROW()-ROW($B$3) -> 14 | C17: 27 | D17: abr/mai | E17: 32173.84 | F17: =SUM(J17,L17,N17,P17,R17,T17,V17,X17,Z17,AB17,AD17,AF17) -> 32173.84 | G17: =E17-F17 -> 0 | H17: =IFERROR(F17/E17,0) -> 1 | I17: {=IFERROR(LOOKUP(2,1/((MOD(COLUMN($K17:$AG17),2)=1)*($K17:$AG17<>"-")*($K17:$AG17<>"")),$K17:$AG17),"-")} -> Concluída | Q17: Justificada | R17: 32173.84 | S17: Concluída
B18: =ROW()-ROW($B$3) -> 15 | C18: 28 | D18: mai/jun | E18: 23752.58 | F18: =SUM(J18,L18,N18,P18,R18,T18,V18,X18,Z18,AB18,AD18,AF18) -> 0 | G18: =E18-F18 -> 23752.58 | H18: =IFERROR(F18/E18,0) -> 0 | I18: {=IFERROR(LOOKUP(2,1/((MOD(COLUMN($K18:$AG18),2)=1)*($K18:$AG18<>"-")*($K18:$AG18<>"")),$K18:$AG18),"-")} -> Cancelada | R18: 0 | S18: Cancelada
B19: =ROW()-ROW($B$3) -> 16 | C19: 29 | D19: mai/jun/jul | E19: 16378.85 | F19: =SUM(J19,L19,N19,P19,R19,T19,V19,X19,Z19,AB19,AD19,AF19) -> 15597.85 | G19: =E19-F19 -> 781 | H19: =IFERROR(F19/E19,0) -> 0.95231655 | I19: {=IFERROR(LOOKUP(2,1/((MOD(COLUMN($K19:$AG19),2)=1)*($K19:$AG19<>"-")*($K19:$AG19<>"")),$K19:$AG19),"-")} -> Concluída | S19: Justificada | T19: 15597.85 | U19: Concluída
B20: =ROW()-ROW($B$3) -> 17 | C20: 30 | D20: mai/jun/jul | E20: 39853.56 | F20: =SUM(J20,L20,N20,P20,R20,T20,V20,X20,Z20,AB20,AD20,AF20) -> 37980.7 | G20: =E20-F20 -> 1872.86 | H20: =IFERROR(F20/E20,0) -> 0.95300646 | I20: {=IFERROR(LOOKUP(2,1/((MOD(COLUMN($K20:$AG20),2)=1)*($K20:$AG20<>"-")*($K20:$AG20<>"")),$K20:$AG20),"-")} -> Concluída | S20: Justificada | U20: Justificada | V20: 37980.7 | W20: Concluída
B21: =ROW()-ROW($B$3) -> 18 | C21: 31 | D21: mai/jun/jul | E21: 18928.21 | F21: =SUM(J21,L21,N21,P21,R21,T21,V21,X21,Z21,AB21,AD21,AF21) -> 18089.41 | G21: =E21-F21 -> 838.8 | H21: =IFERROR(F21/E21,0) -> 0.95568519 | I21: {=IFERROR(LOOKUP(2,1/((MOD(COLUMN($K21:$AG21),2)=1)*($K21:$AG21<>"-")*($K21:$AG21<>"")),$K21:$AG21),"-")} -> Concluída | S21: Justificada | T21: 18089.41 | U21: Concluída
B22: =ROW()-ROW($B$3) -> 19 | C22: 32 | D22: mai/jun | E22: 37930.29 | F22: =SUM(J22,L22,N22,P22,R22,T22,V22,X22,Z22,AB22,AD22,AF22) -> 8106.86 | G22: =E22-F22 -> 29823.43 | H22: =IFERROR(F22/E22,0) -> 0.2137305 | I22: {=IFERROR(LOOKUP(2,1/((MOD(COLUMN($K22:$AG22),2)=1)*($K22:$AG22<>"-")*($K22:$AG22<>"")),$K22:$AG22),"-")} -> Concluída | S22: Justificada | T22: 8106.86 | U22: Concluída
B23: =ROW()-ROW($B$3) -> 20 | C23: 33 | D23: mai/jun | E23: 21028 | F23: =SUM(J23,L23,N23,P23,R23,T23,V23,X23,Z23,AB23,AD23,AF23) -> 20104.998 | G23: =E23-F23 -> 923.002 | H23: =IFERROR(F23/E23,0) -> 0.95610605 | I23: {=IFERROR(LOOKUP(2,1/((MOD(COLUMN($K23:$AG23),2)=1)*($K23:$AG23<>"-")*($K23:$AG23<>"")),$K23:$AG23),"-")} -> Concluída | R23: 20104.998 | S23: Concluída
B24: =ROW()-ROW($B$3) -> 21 | C24: 34 | D24: jun/jul | E24: 592238.52 | F24: =SUM(J24,L24,N24,P24,R24,T24,V24,X24,Z24,AB24,AD24,AF24) -> 592227.24 | G24: =E24-F24 -> 11.28 | H24: =IFERROR(F24/E24,0) -> 0.99998095 | I24: {=IFERROR(LOOKUP(2,1/((MOD(COLUMN($K24:$AG24),2)=1)*($K24:$AG24<>"-")*($K24:$AG24<>"")),$K24:$AG24),"-")} -> Concluída | T24: 476116.19 | U24: Em andamento | V24: 116111.05 | W24: Concluída
B25: =ROW()-ROW($B$3) -> 22 | C25: 35 | D25: jun/jul | E25: 34721.02 | F25: =SUM(J25,L25,N25,P25,R25,T25,V25,X25,Z25,AB25,AD25,AF25) -> 16320.18 | G25: =E25-F25 -> 18400.84 | H25: =IFERROR(F25/E25,0) -> 0.47003746 | I25: {=IFERROR(LOOKUP(2,1/((MOD(COLUMN($K25:$AG25),2)=1)*($K25:$AG25<>"-")*($K25:$AG25<>"")),$K25:$AG25),"-")} -> Concluída | T25: 16320.18 | U25: Concluída
B26: =ROW()-ROW($B$3) -> 23 | C26: 36 | D26: ago/set/out | E26: 52055.37 | F26: =SUM(J26,L26,N26,P26,R26,T26,V26,X26,Z26,AB26,AD26,AF26) -> 50366.92 | G26: =E26-F26 -> 1688.45 | H26: =IFERROR(F26/E26,0) -> 0.96756435 | I26: {=IFERROR(LOOKUP(2,1/((MOD(COLUMN($K26:$AG26),2)=1)*($K26:$AG26<>"-")*($K26:$AG26<>"")),$K26:$AG26),"-")} -> Concluída | X26: 50366.92 | Y26: Concluída
B27: =ROW()-ROW($B$3) -> 24 | C27: 37 | D27: ago/set | E27: 25053.71 | F27: =SUM(J27,L27,N27,P27,R27,T27,V27,X27,Z27,AB27,AD27,AF27) -> 20601.92 | G27: =E27-F27 -> 4451.79 | H27: =IFERROR(F27/E27,0) -> 0.82231015 | I27: {=IFERROR(LOOKUP(2,1/((MOD(COLUMN($K27:$AG27),2)=1)*($K27:$AG27<>"-")*($K27:$AG27<>"")),$K27:$AG27),"-")} -> Concluída | X27: 20601.92 | Y27: Concluída
B28: =ROW()-ROW($B$3) -> 25 | C28: 38 | D28: ago/set | E28: 54614.53 | F28: =SUM(J28,L28,N28,P28,R28,T28,V28,X28,Z28,AB28,AD28,AF28) -> 0 | G28: =E28-F28 -> 54614.53 | H28: =IFERROR(F28/E28,0) -> 0 | I28: {=IFERROR(LOOKUP(2,1/((MOD(COLUMN($K28:$AG28),2)=1)*($K28:$AG28<>"-")*($K28:$AG28<>"")),$K28:$AG28),"-")} -> Cancelada | Y28: Cancelada
B29: =ROW()-ROW($B$3) -> 26 | C29: 39 | D29: jul/ago/set | E29: 49869.41 | F29: =SUM(J29,L29,N29,P29,R29,T29,V29,X29,Z29,AB29,AD29,AF29) -> 29732.89 | G29: =E29-F29 -> 20136.52 | H29: =IFERROR(F29/E29,0) -> 0.59621499 | I29: {=IFERROR(LOOKUP(2,1/((MOD(COLUMN($K29:$AG29),2)=1)*($K29:$AG29<>"-")*($K29:$AG29<>"")),$K29:$AG29),"-")} -> Justificada | V29: 29732.89 | W29: Em andamento | Y29: Justificada
C30: 40 | D30: out | E30: 2026.6 | F30: =SUM(J30,L30,N30,P30,R30,T30,V30,X30,Z30,AB30,AD30,AF30) -> 0 | G30: =E30-F30 -> 2026.6 | H30: =IFERROR(F30/E30,0) -> 0 | I30: {=IFERROR(LOOKUP(2,1/((MOD(COLUMN($K30:$AG30),2)=1)*($K30:$AG30<>"-")*($K30:$AG30<>"")),$K30:$AG30),"-")} -> Em elaboração | AC30: Em elaboração
B31: =ROW()-ROW($B$3) -> 28 | C31: 41 | D31: ago/set | E31: 7327.54 | F31: =SUM(J31,L31,N31,P31,R31,T31,V31,X31,Z31,AB31,AD31,AF31) -> 6044.78 | G31: =E31-F31 -> 1282.76 | H31: =IFERROR(F31/E31,0) -> 0.82493988 | I31: {=IFERROR(LOOKUP(2,1/((MOD(COLUMN($K31:$AG31),2)=1)*($K31:$AG31<>"-")*($K31:$AG31<>"")),$K31:$AG31),"-")} -> Concluída | X31: 6044.78 | Y31: Concluída
B32: =ROW()-ROW($B$3) -> 29 | C32: 42 | D32: ago/set | E32: 48592.65 | F32: =SUM(J32,L32,N32,P32,R32,T32,V32,X32,Z32,AB32,AD32,AF32) -> 0 | G32: =E32-F32 -> 48592.65 | H32: =IFERROR(F32/E32,0) -> 0 | I32: {=IFERROR(LOOKUP(2,1/((MOD(COLUMN($K32:$AG32),2)=1)*($K32:$AG32<>"-")*($K32:$AG32<>"")),$K32:$AG32),"-")} -> Justificada | Y32: Justificada
B33: =ROW()-ROW($B$3) -> 30 | C33: 43 | D33: set/out | E33: 39048.17 | F33: =SUM(J33,L33,N33,P33,R33,T33,V33,X33,Z33,AB33,AD33,AF33) -> 0 | G33: =E33-F33 -> 39048.17 | H33: =IFERROR(F33/E33,0) -> 0 | I33: {=IFERROR(LOOKUP(2,1/((MOD(COLUMN($K33:$AG33),2)=1)*($K33:$AG33<>"-")*($K33:$AG33<>"")),$K33:$AG33),"-")} -> Em elaboração | AA33: Em elaboração
B34: =ROW()-ROW($B$3) -> 31 | C34: 44 | D34: set/out | E34: 36149.23 | F34: =SUM(J34,L34,N34,P34,R34,T34,V34,X34,Z34,AB34,AD34,AF34) -> 0 | G34: =E34-F34 -> 36149.23 | H34: =IFERROR(F34/E34,0) -> 0 | I34: {=IFERROR(LOOKUP(2,1/((MOD(COLUMN($K34:$AG34),2)=1)*($K34:$AG34<>"-")*($K34:$AG34<>"")),$K34:$AG34),"-")} -> Em elaboração | AA34: Em elaboração
B35: =ROW()-ROW($B$3) -> 32 | C35: 45 | D35: ago/set | E35: 82686.17 | F35: =SUM(J35,L35,N35,P35,R35,T35,V35,X35,Z35,AB35,AD35,AF35) -> 82686.17 | G35: =E35-F35 -> 0 | H35: =IFERROR(F35/E35,0) -> 1 | I35: {=IFERROR(LOOKUP(2,1/((MOD(COLUMN($K35:$AG35),2)=1)*($K35:$AG35<>"-")*($K35:$AG35<>"")),$K35:$AG35),"-")} -> Concluída | X35: 82686.17 | Y35: Concluída
B36: =ROW()-ROW($B$3) -> 33 | C36: 46 | D36: out | E36: 2279.68 | F36: =SUM(J36,L36,N36,P36,R36,T36,V36,X36,Z36,AB36,AD36,AF36) -> 0 | G36: =E36-F36 -> 2279.68 | H36: =IFERROR(F36/E36,0) -> 0 | I36: {=IFERROR(LOOKUP(2,1/((MOD(COLUMN($K36:$AG36),2)=1)*($K36:$AG36<>"-")*($K36:$AG36<>"")),$K36:$AG36),"-")} -> Em elaboração | AC36: Em elaboração
B37: =ROW()-ROW($B$3) -> 34 | C37: 47 | D37: out/nov | E37: 78662.67 | F37: =SUM(J37,L37,N37,P37,R37,T37,V37,X37,Z37,AB37,AD37,AF37) -> 0 | G37: =E37-F37 -> 78662.67 | H37: =IFERROR(F37/E37,0) -> 0 | I37: {=IFERROR(LOOKUP(2,1/((MOD(COLUMN($K37:$AG37),2)=1)*($K37:$AG37<>"-")*($K37:$AG37<>"")),$K37:$AG37),"-")} -> Em elaboração | AC37: Em elaboração
B38: =ROW()-ROW($B$3) -> 35 | C38: 48 | D38: out | E38: 2814.46 | F38: =SUM(J38,L38,N38,P38,R38,T38,V38,X38,Z38,AB38,AD38,AF38) -> 0 | G38: =E38-F38 -> 2814.46 | H38: =IFERROR(F38/E38,0) -> 0 | I38: {=IFERROR(LOOKUP(2,1/((MOD(COLUMN($K38:$AG38),2)=1)*($K38:$AG38<>"-")*($K38:$AG38<>"")),$K38:$AG38),"-")} -> Em elaboração | AC38: Em elaboração
B39: =ROW()-ROW($B$3) -> 36 | C39: 49 | D39: out | E39: 1154.46 | F39: =SUM(J39,L39,N39,P39,R39,T39,V39,X39,Z39,AB39,AD39,AF39) -> 0 | G39: =E39-F39 -> 1154.46 | H39: =IFERROR(F39/E39,0) -> 0 | I39: {=IFERROR(LOOKUP(2,1/((MOD(COLUMN($K39:$AG39),2)=1)*($K39:$AG39<>"-")*($K39:$AG39<>"")),$K39:$AG39),"-")} -> Em elaboração | AC39: Em elaboração
B40: =ROW()-ROW($B$3) -> 37 | C40: 50 | D40: out | E40: 1064.44 | F40: =SUM(J40,L40,N40,P40,R40,T40,V40,X40,Z40,AB40,AD40,AF40) -> 0 | G40: =E40-F40 -> 1064.44 | H40: =IFERROR(F40/E40,0) -> 0 | I40: {=IFERROR(LOOKUP(2,1/((MOD(COLUMN($K40:$AG40),2)=1)*($K40:$AG40<>"-")*($K40:$AG40<>"")),$K40:$AG40),"-")} -> Em elaboração | AC40: Em elaboração
B41: =ROW()-ROW($B$3) -> 38 | C41: 51 | D41: out/nov | E41: 6823.93 | F41: =SUM(J41,L41,N41,P41,R41,T41,V41,X41,Z41,AB41,AD41,AF41) -> 0 | G41: =E41-F41 -> 6823.93 | H41: =IFERROR(F41/E41,0) -> 0 | I41: {=IFERROR(LOOKUP(2,1/((MOD(COLUMN($K41:$AG41),2)=1)*($K41:$AG41<>"-")*($K41:$AG41<>"")),$K41:$AG41),"-")} -> Em elaboração | AC41: Em elaboração
B42: =ROW()-ROW($B$3) -> 39 | C42: 52 | D42: set/out/nov | E42: 0 | F42: =SUM(J42,L42,N42,P42,R42,T42,V42,X42,Z42,AB42,AD42,AF42) -> 0 | G42: =E42-F42 -> 0 | H42: =IFERROR(F42/E42,0) -> 0 | I42: {=IFERROR(LOOKUP(2,1/((MOD(COLUMN($K42:$AG42),2)=1)*($K42:$AG42<>"-")*($K42:$AG42<>"")),$K42:$AG42),"-")} -> Em elaboração | AA42: Em elaboração
B43: =ROW()-ROW($B$3) -> 40
B44: =ROW()-ROW($B$3) -> 41
B45: =ROW()-ROW($B$3) -> 42
B46: =ROW()-ROW($B$3) -> 43
B47: =ROW()-ROW($B$3) -> 44
B48: =ROW()-ROW($B$3) -> 45
B49: =ROW()-ROW($B$3) -> 46
B50: =ROW()-ROW($B$3) -> 47
B51: =ROW()-ROW($B$3) -> 48
B52: =ROW()-ROW($B$3) -> 49
B53: =ROW()-ROW($B$3) -> 50

Sheet REGIÃO 12 - RESUMO
B2: REGIÃO 12
B3: ID | C3: REGIÃO | D3: CONTRATO | E3: OSP | F3: DATA EMISSÃO | G3: CRONOGRAMA | H3: N° TRECHO | I3: TRECHO | J3: SERVIÇO | K3: VALOR PREVISTO | L3: SITUAÇÃO | M3: OBSERVAÇÃO
B4: ='REGIÃO 12 - HISTÓRICO'!B4 -> 1 | C4: R12 | D4: =_xlfn.XLOOKUP(tbResumoR12[[#This Row],[REGIÃO]],tbRegioes[Código Região],tbRegioes[Contrato],"") -> 009.2025 | E4: ='REGIÃO 12 - HISTÓRICO'!C4 -> 65 | F4: Janeiro | G4: ='REGIÃO 12 - HISTÓRICO'!D4 -> jan/fev | H4: 225 | I4: =IF(tbResumoR12[[#This Row],[N° TRECHO]]="","",IFERROR(INDEX('REGIÃO 11 - TRECHOS'!$F$4:$F$119,MATCH(tbResumoR12[[#This Row],[N° TRECHO]],'REGIÃO 11 - TRECHOS'!$E$4:$E$119,0)),IFERROR(INDEX('REGIÃO 12 - TRECHOS'!$F$4:$F$76,MATCH(tbResumoR12[[#This Row],[N° TRECHO]],'REGIÃO 12 - TRECHOS'!$E$4:$E$76,0)),IFERROR(INDEX('REGIÃO 13 - TRECHOS'!$F$4:$F$53,MATCH(tbResumoR12[[#This Row],[N° TRECHO]],'REGIÃO 13 - TRECHOS'!$E$4:$E$53,0)),"Trecho não cadastrado")))) -> RODOVIA TO-280 - TRECHO NATIVIDADE - ALMAS | J4: Roçada | K4: ='REGIÃO 12 - HISTÓRICO'!E4 -> 27874.62 | L4: ='REGIÃO 12 - HISTÓRICO'!I4 -> Concluída
B5: ='REGIÃO 12 - HISTÓRICO'!B5 -> 2 | C5: R12 | D5: =_xlfn.XLOOKUP(tbResumoR12[[#This Row],[REGIÃO]],tbRegioes[Código Região],tbRegioes[Contrato],"") -> 009.2025 | E5: ='REGIÃO 12 - HISTÓRICO'!C5 -> 66 | F5: Janeiro | G5: ='REGIÃO 12 - HISTÓRICO'!D5 -> jan/fev | H5: 226 | I5: =IF(tbResumoR12[[#This Row],[N° TRECHO]]="","",IFERROR(INDEX('REGIÃO 11 - TRECHOS'!$F$4:$F$119,MATCH(tbResumoR12[[#This Row],[N° TRECHO]],'REGIÃO 11 - TRECHOS'!$E$4:$E$119,0)),IFERROR(INDEX('REGIÃO 12 - TRECHOS'!$F$4:$F$76,MATCH(tbResumoR12[[#This Row],[N° TRECHO]],'REGIÃO 12 - TRECHOS'!$E$4:$E$76,0)),IFERROR(INDEX('REGIÃO 13 - TRECHOS'!$F$4:$F$53,MATCH(tbResumoR12[[#This Row],[N° TRECHO]],'REGIÃO 13 - TRECHOS'!$E$4:$E$53,0)),"Trecho não cadastrado")))) -> RODOVIA TO-280 - TRECHO SÃO VALÉRIO DE NATIVIDADE - NATIVIDADE | J5: Roçada / Caiação de EDS e pontes | K5: ='REGIÃO 12 - HISTÓRICO'!E5 -> 68235.11 | L5: ='REGIÃO 12 - HISTÓRICO'!I5 -> Concluída
B6: ='REGIÃO 12 - HISTÓRICO'!B6 -> 3 | C6: R12 | D6: =_xlfn.XLOOKUP(tbResumoR12[[#This Row],[REGIÃO]],tbRegioes[Código Região],tbRegioes[Contrato],"") -> 009.2025 | E6: ='REGIÃO 12 - HISTÓRICO'!C6 -> 67 | F6: Janeiro | G6: ='REGIÃO 12 - HISTÓRICO'!D6 -> jan/fev | H6: 227 | I6: =IF(tbResumoR12[[#This Row],[N° TRECHO]]="","",IFERROR(INDEX('REGIÃO 11 - TRECHOS'!$F$4:$F$119,MATCH(tbResumoR12[[#This Row],[N° TRECHO]],'REGIÃO 11 - TRECHOS'!$E$4:$E$119,0)),IFERROR(INDEX('REGIÃO 12 - TRECHOS'!$F$4:$F$76,MATCH(tbResumoR12[[#This Row],[N° TRECHO]],'REGIÃO 12 - TRECHOS'!$E$4:$E$76,0)),IFERROR(INDEX('REGIÃO 13 - TRECHOS'!$F$4:$F$53,MATCH(tbResumoR12[[#This Row],[N° TRECHO]],'REGIÃO 13 - TRECHOS'!$E$4:$E$53,0)),"Trecho não cadastrado")))) -> RODOVIA TO-280 - TRECHO ENTR. BR-242 - SÃO VALÉRIO DE NATIVIDADE | J6: Roçada | K6: ='REGIÃO 12 - HISTÓRICO'!E6 -> 15770.16 | L6: ='REGIÃO 12 - HISTÓRICO'!I6 -> Concluída
B7: ='REGIÃO 12 - HISTÓRICO'!B7 -> 4 | C7: R12 | D7: =_xlfn.XLOOKUP(tbResumoR12[[#This Row],[REGIÃO]],tbRegioes[Código Região],tbRegioes[Contrato],"") -> 009.2025 | E7: ='REGIÃO 12 - HISTÓRICO'!C7 -> 68 | F7: Janeiro | G7: ='REGIÃO 12 - HISTÓRICO'!D7 -> jan/fev | H7: 229 | I7: =IF(tbResumoR12[[#This Row],[N° TRECHO]]="","",IFERROR(INDEX('REGIÃO 11 - TRECHOS'!$F$4:$F$119,MATCH(tbResumoR12[[#This Row],[N° TRECHO]],'REGIÃO 11 - TRECHOS'!$E$4:$E$119,0)),IFERROR(INDEX('REGIÃO 12 - TRECHOS'!$F$4:$F$76,MATCH(tbResumoR12[[#This Row],[N° TRECHO]],'REGIÃO 12 - TRECHOS'!$E$4:$E$76,0)),IFERROR(INDEX('REGIÃO 13 - TRECHOS'!$F$4:$F$53,MATCH(tbResumoR12[[#This Row],[N° TRECHO]],'REGIÃO 13 - TRECHOS'!$E$4:$E$53,0)),"Trecho não cadastrado")))) -> RODOVIA TO-296 - TRECHO JAÚ DO TOCANTINS - SÃO SALVADOR DO TOCANTINS | J7: Reconformação da plataforma / Recomposição do revestimento primário | K7: ='REGIÃO 12 - HISTÓRICO'!E7 -> 364826.92 | L7: ='REGIÃO 12 - HISTÓRICO'!I7 -> Concluída
B8: ='REGIÃO 12 - HISTÓRICO'!B8 -> 5 | C8: R12 | D8: =_xlfn.XLOOKUP(tbResumoR12[[#This Row],[REGIÃO]],tbRegioes[Código Região],tbRegioes[Contrato],"") -> 009.2025 | E8: ='REGIÃO 12 - HISTÓRICO'!C8 -> 69 | F8: Fevereiro | G8: ='REGIÃO 12 - HISTÓRICO'!D8 -> fev | H8: 241 | I8: =IF(tbResumoR12[[#This Row],[N° TRECHO]]="","",IFERROR(INDEX('REGIÃO 11 - TRECHOS'!$F$4:$F$119,MATCH(tbResumoR12[[#This Row],[N° TRECHO]],'REGIÃO 11 - TRECHOS'!$E$4:$E$119,0)),IFERROR(INDEX('REGIÃO 12 - TRECHOS'!$F$4:$F$76,MATCH(tbResumoR12[[#This Row],[N° TRECHO]],'REGIÃO 12 - TRECHOS'!$E$4:$E$76,0)),IFERROR(INDEX('REGIÃO 13 - TRECHOS'!$F$4:$F$53,MATCH(tbResumoR12[[#This Row],[N° TRECHO]],'REGIÃO 13 - TRECHOS'!$E$4:$E$53,0)),"Trecho não cadastrado")))) -> RODOVIA TO-491 - TRECHO ENTR. BR-242 - ENTR. TO-296 (POVOADO RETIRO) | J8: Terraplenagem / Reconformação da plataforma / Recomposição do revestimento primário | K8: ='REGIÃO 12 - HISTÓRICO'!E8 -> 241802.58 | L8: ='REGIÃO 12 - HISTÓRICO'!I8 -> Concluída
B9: ='REGIÃO 12 - HISTÓRICO'!B9 -> 6 | C9: R12 | D9: =_xlfn.XLOOKUP(tbResumoR12[[#This Row],[REGIÃO]],tbRegioes[Código Região],tbRegioes[Contrato],"") -> 009.2025 | E9: ='REGIÃO 12 - HISTÓRICO'!C9 -> 70 | F9: Fevereiro | G9: ='REGIÃO 12 - HISTÓRICO'!D9 -> fev | H9: 233 | I9: =IF(tbResumoR12[[#This Row],[N° TRECHO]]="","",IFERROR(INDEX('REGIÃO 11 - TRECHOS'!$F$4:$F$119,MATCH(tbResumoR12[[#This Row],[N° TRECHO]],'REGIÃO 11 - TRECHOS'!$E$4:$E$119,0)),IFERROR(INDEX('REGIÃO 12 - TRECHOS'!$F$4:$F$76,MATCH(tbResumoR12[[#This Row],[N° TRECHO]],'REGIÃO 12 - TRECHOS'!$E$4:$E$76,0)),IFERROR(INDEX('REGIÃO 13 - TRECHOS'!$F$4:$F$53,MATCH(tbResumoR12[[#This Row],[N° TRECHO]],'REGIÃO 13 - TRECHOS'!$E$4:$E$53,0)),"Trecho não cadastrado")))) -> RODOVIA TO-373 - TRECHO ALVORADA - ENTR. BR-242 | J9: Tapa-Buraco CAE | K9: ='REGIÃO 12 - HISTÓRICO'!E9 -> 56412.28 | L9: ='REGIÃO 12 - HISTÓRICO'!I9 -> Concluída
B10: ='REGIÃO 12 - HISTÓRICO'!B10 -> 7 | C10: R12 | D10: =_xlfn.XLOOKUP(tbResumoR12[[#This Row],[REGIÃO]],tbRegioes[Código Região],tbRegioes[Contrato],"") -> 009.2025 | E10: ='REGIÃO 12 - HISTÓRICO'!C10 -> 71 | F10: Fevereiro | G10: ='REGIÃO 12 - HISTÓRICO'!D10 -> fev | H10: 228 | I10: =IF(tbResumoR12[[#This Row],[N° TRECHO]]="","",IFERROR(INDEX('REGIÃO 11 - TRECHOS'!$F$4:$F$119,MATCH(tbResumoR12[[#This Row],[N° TRECHO]],'REGIÃO 11 - TRECHOS'!$E$4:$E$119,0)),IFERROR(INDEX('REGIÃO 12 - TRECHOS'!$F$4:$F$76,MATCH(tbResumoR12[[#This Row],[N° TRECHO]],'REGIÃO 12 - TRECHOS'!$E$4:$E$76,0)),IFERROR(INDEX('REGIÃO 13 - TRECHOS'!$F$4:$F$53,MATCH(tbResumoR12[[#This Row],[N° TRECHO]],'REGIÃO 13 - TRECHOS'!$E$4:$E$53,0)),"Trecho não cadastrado")))) -> RODOVIA TO-296 - TRECHO SÃO SALVADOR DO TOCANTINS - PARANÃ | J10: Tapa-Buraco CAE / Remendo Profundo | K10: ='REGIÃO 12 - HISTÓRICO'!E10 -> 37751.14 | L10: ='REGIÃO 12 - HISTÓRICO'!I10 -> Concluída
B11: ='REGIÃO 12 - HISTÓRICO'!B11 -> 8 | C11: R12 | D11: =_xlfn.XLOOKUP(tbResumoR12[[#This Row],[REGIÃO]],tbRegioes[Código Região],tbRegioes[Contrato],"") -> 009.2025 | E11: ='REGIÃO 12 - HISTÓRICO'!C11 -> 72 | F11: Fevereiro | G11: ='REGIÃO 12 - HISTÓRICO'!D11 -> fev | H11: 229 | I11: =IF(tbResumoR12[[#This Row],[N° TRECHO]]="","",IFERROR(INDEX('REGIÃO 11 - TRECHOS'!$F$4:$F$119,MATCH(tbResumoR12[[#This Row],[N° TRECHO]],'REGIÃO 11 - TRECHOS'!$E$4:$E$119,0)),IFERROR(INDEX('REGIÃO 12 - TRECHOS'!$F$4:$F$76,MATCH(tbResumoR12[[#This Row],[N° TRECHO]],'REGIÃO 12 - TRECHOS'!$E$4:$E$76,0)),IFERROR(INDEX('REGIÃO 13 - TRECHOS'!$F$4:$F$53,MATCH(tbResumoR12[[#This Row],[N° TRECHO]],'REGIÃO 13 - TRECHOS'!$E$4:$E$53,0)),"Trecho não cadastrado")))) -> RODOVIA TO-296 - TRECHO JAÚ DO TOCANTINS - SÃO SALVADOR DO TOCANTINS | J11: Terraplenagem / Reconformação da plataforma / Recomposição do revestimento primário | K11: ='REGIÃO 12 - HISTÓRICO'!E11 -> 55856.27 | L11: ='REGIÃO 12 - HISTÓRICO'!I11 -> Concluída
B12: ='REGIÃO 12 - HISTÓRICO'!B12 -> 9 | C12: R12 | D12: =_xlfn.XLOOKUP(tbResumoR12[[#This Row],[REGIÃO]],tbRegioes[Código Região],tbRegioes[Contrato],"") -> 009.2025 | E12: ='REGIÃO 12 - HISTÓRICO'!C12 -> 73 | F12: Fevereiro | G12: ='REGIÃO 12 - HISTÓRICO'!D12 -> fev | H12: 225 | I12: =IF(tbResumoR12[[#This Row],[N° TRECHO]]="","",IFERROR(INDEX('REGIÃO 11 - TRECHOS'!$F$4:$F$119,MATCH(tbResumoR12[[#This Row],[N° TRECHO]],'REGIÃO 11 - TRECHOS'!$E$4:$E$119,0)),IFERROR(INDEX('REGIÃO 12 - TRECHOS'!$F$4:$F$76,MATCH(tbResumoR12[[#This Row],[N° TRECHO]],'REGIÃO 12 - TRECHOS'!$E$4:$E$76,0)),IFERROR(INDEX('REGIÃO 13 - TRECHOS'!$F$4:$F$53,MATCH(tbResumoR12[[#This Row],[N° TRECHO]],'REGIÃO 13 - TRECHOS'!$E$4:$E$53,0)),"Trecho não cadastrado")))) -> RODOVIA TO-280 - TRECHO NATIVIDADE - ALMAS | J12: Tapa-Buraco CAE | K12: ='REGIÃO 12 - HISTÓRICO'!E12 -> 81113.55 | L12: ='REGIÃO 12 - HISTÓRICO'!I12 -> Concluída
B13: ='REGIÃO 12 - HISTÓRICO'!B13 -> 10 | C13: R12 | D13: =_xlfn.XLOOKUP(tbResumoR12[[#This Row],[REGIÃO]],tbRegioes[Código Região],tbRegioes[Contrato],"") -> 009.2025 | E13: ='REGIÃO 12 - HISTÓRICO'!C13 -> 74 | F13: Fevereiro | G13: ='REGIÃO 12 - HISTÓRICO'!D13 -> fev | H13: 229 | I13: =IF(tbResumoR12[[#This Row],[N° TRECHO]]="","",IFERROR(INDEX('REGIÃO 11 - TRECHOS'!$F$4:$F$119,MATCH(tbResumoR12[[#This Row],[N° TRECHO]],'REGIÃO 11 - TRECHOS'!$E$4:$E$119,0)),IFERROR(INDEX('REGIÃO 12 - TRECHOS'!$F$4:$F$76,MATCH(tbResumoR12[[#This Row],[N° TRECHO]],'REGIÃO 12 - TRECHOS'!$E$4:$E$76,0)),IFERROR(INDEX('REGIÃO 13 - TRECHOS'!$F$4:$F$53,MATCH(tbResumoR12[[#This Row],[N° TRECHO]],'REGIÃO 13 - TRECHOS'!$E$4:$E$53,0)),"Trecho não cadastrado")))) -> RODOVIA TO-296 - TRECHO JAÚ DO TOCANTINS - SÃO SALVADOR DO TOCANTINS | J13: Terraplenagem / Reconformação da plataforma / Recomposição do revestimento primário | K13: ='REGIÃO 12 - HISTÓRICO'!E13 -> 57943.33 | L13: ='REGIÃO 12 - HISTÓRICO'!I13 -> Concluída
B14: ='REGIÃO 12 - HISTÓRICO'!B14 -> 11 | C14: R12 | D14: =_xlfn.XLOOKUP(tbResumoR12[[#This Row],[REGIÃO]],tbRegioes[Código Região],tbRegioes[Contrato],"") -> 009.2025 | E14: ='REGIÃO 12 - HISTÓRICO'!C14 -> 75 | F14: Fevereiro | G14: ='REGIÃO 12 - HISTÓRICO'!D14 -> fev | H14: 232 | I14: =IF(tbResumoR12[[#This Row],[N° TRECHO]]="","",IFERROR(INDEX('REGIÃO 11 - TRECHOS'!$F$4:$F$119,MATCH(tbResumoR12[[#This Row],[N° TRECHO]],'REGIÃO 11 - TRECHOS'!$E$4:$E$119,0)),IFERROR(INDEX('REGIÃO 12 - TRECHOS'!$F$4:$F$76,MATCH(tbResumoR12[[#This Row],[N° TRECHO]],'REGIÃO 12 - TRECHOS'!$E$4:$E$76,0)),IFERROR(INDEX('REGIÃO 13 - TRECHOS'!$F$4:$F$53,MATCH(tbResumoR12[[#This Row],[N° TRECHO]],'REGIÃO 13 - TRECHOS'!$E$4:$E$53,0)),"Trecho não cadastrado")))) -> RODOVIA TO-373 - TRECHO ENTR. TO-365 (BALSA) - SÃO MIGUEL - LAGOA DO ROMÃO -ENTR. TO-280 | J14: Terraplenagem / Reconformação da plataforma / Recomposição do revestimento primário | K14: ='REGIÃO 12 - HISTÓRICO'!E14 -> 295343.5 | L14: ='REGIÃO 12 - HISTÓRICO'!I14 -> Concluída
B15: ='REGIÃO 12 - HISTÓRICO'!B15 -> 12 | C15: R12 | D15: =_xlfn.XLOOKUP(tbResumoR12[[#This Row],[REGIÃO]],tbRegioes[Código Região],tbRegioes[Contrato],"") -> 009.2025 | E15: ='REGIÃO 12 - HISTÓRICO'!C15 -> 76 | F15: Fevereiro | G15: ='REGIÃO 12 - HISTÓRICO'!D15 -> fev | H15: 238 | I15: =IF(tbResumoR12[[#This Row],[N° TRECHO]]="","",IFERROR(INDEX('REGIÃO 11 - TRECHOS'!$F$4:$F$119,MATCH(tbResumoR12[[#This Row],[N° TRECHO]],'REGIÃO 11 - TRECHOS'!$E$4:$E$119,0)),IFERROR(INDEX('REGIÃO 12 - TRECHOS'!$F$4:$F$76,MATCH(tbResumoR12[[#This Row],[N° TRECHO]],'REGIÃO 12 - TRECHOS'!$E$4:$E$76,0)),IFERROR(INDEX('REGIÃO 13 - TRECHOS'!$F$4:$F$53,MATCH(tbResumoR12[[#This Row],[N° TRECHO]],'REGIÃO 13 - TRECHOS'!$E$4:$E$53,0)),"Trecho não cadastrado")))) -> RODOVIA TO-482 - TRECHO: ENTR. TO-280 (SÃO VALÉRIO DE NATIVIDADE) / ENTR. TO-458 | J15: Terraplenagem / Reconformação da plataforma / Recomposição do revestimento primário | K15: ='REGIÃO 12 - HISTÓRICO'!E15 -> 615457.46 | L15: ='REGIÃO 12 - HISTÓRICO'!I15 -> Concluída
... B56: ='REGIÃO 12 - HISTÓRICO'!B56 -> 53 | C56: R12 | D56: =_xlfn.XLOOKUP(tbResumoR12[[#This Row],[REGIÃO]],tbRegioes[Código Região],tbRegioes[Contrato],"") -> 009.2025 | E56: ='REGIÃO 12 - HISTÓRICO'!C56 -> 117 | F56: Outubro | G56: ='REGIÃO 12 - HISTÓRICO'!D56 -> out/nov | H56: 238 | I56: =IF(tbResumoR12[[#This Row],[N° TRECHO]]="","",IFERROR(INDEX('REGIÃO 11 - TRECHOS'!$F$4:$F$119,MATCH(tbResumoR12[[#This Row],[N° TRECHO]],'REGIÃO 11 - TRECHOS'!$E$4:$E$119,0)),IFERROR(INDEX('REGIÃO 12 - TRECHOS'!$F$4:$F$76,MATCH(tbResumoR12[[#This Row],[N° TRECHO]],'REGIÃO 12 - TRECHOS'!$E$4:$E$76,0)),IFERROR(INDEX('REGIÃO 13 - TRECHOS'!$F$4:$F$53,MATCH(tbResumoR12[[#This Row],[N° TRECHO]],'REGIÃO 13 - TRECHOS'!$E$4:$E$53,0)),"Trecho não cadastrado")))) -> RODOVIA TO-482 - TRECHO: ENTR. TO-280 (SÃO VALÉRIO DE NATIVIDADE) / ENTR. TO-458 | J56: SERVIÇOS MANUTENÇÃO | K56: ='REGIÃO 12 - HISTÓRICO'!E56 -> 0 | L56: ='REGIÃO 12 - HISTÓRICO'!I56 -> -
B57: ='REGIÃO 12 - HISTÓRICO'!B57 -> 0 | D57: =_xlfn.XLOOKUP(tbResumoR12[[#This Row],[REGIÃO]],tbRegioes[Código Região],tbRegioes[Contrato],"") | I57: =IF(tbResumoR12[[#This Row],[N° TRECHO]]="","",IFERROR(INDEX('REGIÃO 11 - TRECHOS'!$F$4:$F$119,MATCH(tbResumoR12[[#This Row],[N° TRECHO]],'REGIÃO 11 - TRECHOS'!$E$4:$E$119,0)),IFERROR(INDEX('REGIÃO 12 - TRECHOS'!$F$4:$F$76,MATCH(tbResumoR12[[#This Row],[N° TRECHO]],'REGIÃO 12 - TRECHOS'!$E$4:$E$76,0)),IFERROR(INDEX('REGIÃO 13 - TRECHOS'!$F$4:$F$53,MATCH(tbResumoR12[[#This Row],[N° TRECHO]],'REGIÃO 13 - TRECHOS'!$E$4:$E$53,0)),"Trecho não cadastrado"))))

Sheet REGIÃO 12 - HISTÓRICO
B2: REGIÃO 12 | J2: 46023 | L2: 46054 | N2: 46082 | P2: 46113 | R2: 46143 | T2: 46174 | V2: 46204 | X2: 46235 | Z2: 46266 | AB2: 46296 | AD2: 46327 | AF2: 46357
B3: ID | C3: OSP | D3: CRONOGRAMA | E3: VALOR PREVISTO | F3: TOTAL MEDIDO | G3: SALDO | H3: % | I3: SITUAÇÃO FINAL | J3: VALOR MEDIDO | K3: SITUAÇÃO | L3: VALOR MEDIDO | M3: SITUAÇÃO | N3: VALOR MEDIDO | O3: SITUAÇÃO | P3: VALOR MEDIDO | Q3: SITUAÇÃO | R3: VALOR MEDIDO | S3: SITUAÇÃO | T3: VALOR MEDIDO | U3: SITUAÇÃO | V3: VALOR MEDIDO | W3: SITUAÇÃO | X3: VALOR MEDIDO | Y3: SITUAÇÃO | Z3: VALOR MEDIDO | AA3: SITUAÇÃO | AB3: VALOR MEDIDO | AC3: SITUAÇÃO | AD3: VALOR MEDIDO | AE3: SITUAÇÃO | AF3: VALOR MEDIDO | AG3: SITUAÇÃO
B4: =ROW()-ROW($B$3) -> 1 | C4: 65 | D4: jan/fev | E4: 27874.62 | F4: =SUM(J4,L4,N4,P4,R4,T4,V4,X4,Z4,AB4,AD4,AF4) -> 27874.62 | G4: =E4-F4 -> 0 | H4: =IFERROR(F4/E4,0) -> 1 | I4: {=IFERROR(LOOKUP(2,1/((MOD(COLUMN($K4:$AG4),2)=1)*($K4:$AG4<>"-")*($K4:$AG4<>"")),$K4:$AG4),"-")} -> Concluída | J4: 27874.62 | K4: Concluída
B5: =ROW()-ROW($B$3) -> 2 | C5: 66 | D5: jan/fev | E5: 68235.11 | F5: =SUM(J5,L5,N5,P5,R5,T5,V5,X5,Z5,AB5,AD5,AF5) -> 45019.74 | G5: =E5-F5 -> 23215.37 | H5: =IFERROR(F5/E5,0) -> 0.65977383 | I5: {=IFERROR(LOOKUP(2,1/((MOD(COLUMN($K5:$AG5),2)=1)*($K5:$AG5<>"-")*($K5:$AG5<>"")),$K5:$AG5),"-")} -> Concluída | J5: 0 | K5: Justificada | L5: 45019.74 | M5: Concluída
B6: =ROW()-ROW($B$3) -> 3 | C6: 67 | D6: jan/fev | E6: 15770.16 | F6: =SUM(J6,L6,N6,P6,R6,T6,V6,X6,Z6,AB6,AD6,AF6) -> 15770 | G6: =E6-F6 -> 0.16 | H6: =IFERROR(F6/E6,0) -> 0.99998985 | I6: {=IFERROR(LOOKUP(2,1/((MOD(COLUMN($K6:$AG6),2)=1)*($K6:$AG6<>"-")*($K6:$AG6<>"")),$K6:$AG6),"-")} -> Concluída | J6: 0 | K6: Justificada | L6: 15770 | M6: Concluída
B7: =ROW()-ROW($B$3) -> 4 | C7: 68 | D7: jan/fev | E7: 364826.92 | F7: =SUM(J7,L7,N7,P7,R7,T7,V7,X7,Z7,AB7,AD7,AF7) -> 364507.05 | G7: =E7-F7 -> 319.87 | H7: =IFERROR(F7/E7,0) -> 0.99912323 | I7: {=IFERROR(LOOKUP(2,1/((MOD(COLUMN($K7:$AG7),2)=1)*($K7:$AG7<>"-")*($K7:$AG7<>"")),$K7:$AG7),"-")} -> Concluída | J7: 364507.05 | K7: Concluída
B8: =ROW()-ROW($B$3) -> 5 | C8: 69 | D8: fev | E8: 241802.58 | F8: =SUM(J8,L8,N8,P8,R8,T8,V8,X8,Z8,AB8,AD8,AF8) -> 226279.84 | G8: =E8-F8 -> 15522.74 | H8: =IFERROR(F8/E8,0) -> 0.93580408 | I8: {=IFERROR(LOOKUP(2,1/((MOD(COLUMN($K8:$AG8),2)=1)*($K8:$AG8<>"-")*($K8:$AG8<>"")),$K8:$AG8),"-")} -> Concluída | L8: 226279.84 | M8: Concluída
B9: =ROW()-ROW($B$3) -> 6 | C9: 70 | D9: fev | E9: 56412.28 | F9: =SUM(J9,L9,N9,P9,R9,T9,V9,X9,Z9,AB9,AD9,AF9) -> 32653.1 | G9: =E9-F9 -> 23759.18 | H9: =IFERROR(F9/E9,0) -> 0.57882964 | I9: {=IFERROR(LOOKUP(2,1/((MOD(COLUMN($K9:$AG9),2)=1)*($K9:$AG9<>"-")*($K9:$AG9<>"")),$K9:$AG9),"-")} -> Concluída | L9: 32653.1 | M9: Concluída
B10: =ROW()-ROW($B$3) -> 7 | C10: 71 | D10: fev | E10: 37751.14 | F10: =SUM(J10,L10,N10,P10,R10,T10,V10,X10,Z10,AB10,AD10,AF10) -> 37751.14 | G10: =E10-F10 -> 0 | H10: =IFERROR(F10/E10,0) -> 1 | I10: {=IFERROR(LOOKUP(2,1/((MOD(COLUMN($K10:$AG10),2)=1)*($K10:$AG10<>"-")*($K10:$AG10<>"")),$K10:$AG10),"-")} -> Concluída | L10: 37751.14 | M10: Concluída
B11: =ROW()-ROW($B$3) -> 8 | C11: 72 | D11: fev | E11: 55856.27 | F11: =SUM(J11,L11,N11,P11,R11,T11,V11,X11,Z11,AB11,AD11,AF11) -> 54206.24 | G11: =E11-F11 -> 1650.03 | H11: =IFERROR(F11/E11,0) -> 0.97045936 | I11: {=IFERROR(LOOKUP(2,1/((MOD(COLUMN($K11:$AG11),2)=1)*($K11:$AG11<>"-")*($K11:$AG11<>"")),$K11:$AG11),"-")} -> Concluída | L11: 54206.24 | M11: Concluída
B12: =ROW()-ROW($B$3) -> 9 | C12: 73 | D12: fev | E12: 81113.55 | F12: =SUM(J12,L12,N12,P12,R12,T12,V12,X12,Z12,AB12,AD12,AF12) -> 75878.57 | G12: =E12-F12 -> 5234.98 | H12: =IFERROR(F12/E12,0) -> 0.93546109 | I12: {=IFERROR(LOOKUP(2,1/((MOD(COLUMN($K12:$AG12),2)=1)*($K12:$AG12<>"-")*($K12:$AG12<>"")),$K12:$AG12),"-")} -> Concluída | L12: 75878.57 | M12: Concluída
B13: =ROW()-ROW($B$3) -> 10 | C13: 74 | D13: fev | E13: 57943.33 | F13: =SUM(J13,L13,N13,P13,R13,T13,V13,X13,Z13,AB13,AD13,AF13) -> 57943.33 | G13: =E13-F13 -> 0 | H13: =IFERROR(F13/E13,0) -> 1 | I13: {=IFERROR(LOOKUP(2,1/((MOD(COLUMN($K13:$AG13),2)=1)*($K13:$AG13<>"-")*($K13:$AG13<>"")),$K13:$AG13),"-")} -> Concluída | L13: 57943.33 | M13: Concluída
B14: =ROW()-ROW($B$3) -> 11 | C14: 75 | D14: fev | E14: 295343.5 | F14: =SUM(J14,L14,N14,P14,R14,T14,V14,X14,Z14,AB14,AD14,AF14) -> 217242.54 | G14: =E14-F14 -> 78100.96 | H14: =IFERROR(F14/E14,0) -> 0.7355589 | I14: {=IFERROR(LOOKUP(2,1/((MOD(COLUMN($K14:$AG14),2)=1)*($K14:$AG14<>"-")*($K14:$AG14<>"")),$K14:$AG14),"-")} -> Concluída | L14: 217242.54 | M14: Concluída
B15: =ROW()-ROW($B$3) -> 12 | C15: 76 | D15: fev | E15: 615457.46 | F15: =SUM(J15,L15,N15,P15,R15,T15,V15,X15,Z15,AB15,AD15,AF15) -> 536383.8 | G15: =E15-F15 -> 79073.66 | H15: =IFERROR(F15/E15,0) -> 0.87152051 | I15: {=IFERROR(LOOKUP(2,1/((MOD(COLUMN($K15:$AG15),2)=1)*($K15:$AG15<>"-")*($K15:$AG15<>"")),$K15:$AG15),"-")} -> Concluída | L15: 536383.8 | M15: Concluída
B16: =ROW()-ROW($B$3) -> 13 | C16: 77 | D16: mar/abr/mai | E16: 133710.58 | F16: =SUM(J16,L16,N16,P16,R16,T16,V16,X16,Z16,AB16,AD16,AF16) -> 27644.12 | G16: =E16-F16 -> 106066.46 | H16: =IFERROR(F16/E16,0) -> 0.20674594 | I16: {=IFERROR(LOOKUP(2,1/((MOD(COLUMN($K16:$AG16),2)=1)*($K16:$AG16<>"-")*($K16:$AG16<>"")),$K16:$AG16),"-")} -> Concluída | N16: 7686.15 | O16: Justificada | Q16: Justificada | R16: 19957.97 | S16: Concluída
B17: =ROW()-ROW($B$3) -> 14 | C17: 78 | D17: mar/abr/mai | E17: 78688.49 | F17: =SUM(J17,L17,N17,P17,R17,T17,V17,X17,Z17,AB17,AD17,AF17) -> 15187.11 | G17: =E17-F17 -> 63501.38 | H17: =IFERROR(F17/E17,0) -> 0.19300294 | I17: {=IFERROR(LOOKUP(2,1/((MOD(COLUMN($K17:$AG17),2)=1)*($K17:$AG17<>"-")*($K17:$AG17<>"")),$K17:$AG17),"-")} -> Concluída | O17: Justificada | P17: 15187.11 | Q17: Concluída
B18: =ROW()-ROW($B$3) -> 15 | C18: 79 | D18: mar/abr/mai | E18: 103566.69 | F18: =SUM(J18,L18,N18,P18,R18,T18,V18,X18,Z18,AB18,AD18,AF18) -> 13059.73 | G18: =E18-F18 -> 90506.96 | H18: =IFERROR(F18/E18,0) -> 0.12609971 | I18: {=IFERROR(LOOKUP(2,1/((MOD(COLUMN($K18:$AG18),2)=1)*($K18:$AG18<>"-")*($K18:$AG18<>"")),$K18:$AG18),"-")} -> Concluída | O18: Justificada | P18: 13059.73 | Q18: Concluída
B19: =ROW()-ROW($B$3) -> 16 | C19: 80 | D19: mar/abr | E19: 79753.46 | F19: =SUM(J19,L19,N19,P19,R19,T19,V19,X19,Z19,AB19,AD19,AF19) -> 79753.46 | G19: =E19-F19 -> 0 | H19: =IFERROR(F19/E19,0) -> 1 | I19: {=IFERROR(LOOKUP(2,1/((MOD(COLUMN($K19:$AG19),2)=1)*($K19:$AG19<>"-")*($K19:$AG19<>"")),$K19:$AG19),"-")} -> Concluída | N19: 56219.25 | O19: Justificada | P19: 23534.21 | Q19: Concluída
B20: =ROW()-ROW($B$3) -> 17 | C20: 81 | D20: mar/abr/mai | E20: 284302.32 | F20: =SUM(J20,L20,N20,P20,R20,T20,V20,X20,Z20,AB20,AD20,AF20) -> 201106.42 | G20: =E20-F20 -> 83195.9 | H20: =IFERROR(F20/E20,0) -> 0.7073682 | I20: {=IFERROR(LOOKUP(2,1/((MOD(COLUMN($K20:$AG20),2)=1)*($K20:$AG20<>"-")*($K20:$AG20<>"")),$K20:$AG20),"-")} -> Concluída | N20: 114672.07 | O20: Justificada | P20: 86434.35 | Q20: Concluída
B21: =ROW()-ROW($B$3) -> 18 | C21: 82 | D21: abr/mai | E21: 84903.98 | F21: =SUM(J21,L21,N21,P21,R21,T21,V21,X21,Z21,AB21,AD21,AF21) -> 78780.76 | G21: =E21-F21 -> 6123.22 | H21: =IFERROR(F21/E21,0) -> 0.92788065 | I21: {=IFERROR(LOOKUP(2,1/((MOD(COLUMN($K21:$AG21),2)=1)*($K21:$AG21<>"-")*($K21:$AG21<>"")),$K21:$AG21),"-")} -> Concluída | P21: 78780.76 | Q21: Concluída
B22: =ROW()-ROW($B$3) -> 19 | C22: 83 | D22: abr/mai/jun | E22: 461352.19 | F22: =SUM(J22,L22,N22,P22,R22,T22,V22,X22,Z22,AB22,AD22,AF22) -> 461335.76 | G22: =E22-F22 -> 16.43 | H22: =IFERROR(F22/E22,0) -> 0.99996439 | I22: {=IFERROR(LOOKUP(2,1/((MOD(COLUMN($K22:$AG22),2)=1)*($K22:$AG22<>"-")*($K22:$AG22<>"")),$K22:$AG22),"-")} -> Concluída | P22: 461335.76 | Q22: Concluída
B23: =ROW()-ROW($B$3) -> 20 | C23: 84 | D23: abr/mai/jun | E23: 664951.83 | F23: =SUM(J23,L23,N23,P23,R23,T23,V23,X23,Z23,AB23,AD23,AF23) -> 664951.82 | G23: =E23-F23 -> 0.01 | H23: =IFERROR(F23/E23,0) -> 0.99999998 | I23: {=IFERROR(LOOKUP(2,1/((MOD(COLUMN($K23:$AG23),2)=1)*($K23:$AG23<>"-")*($K23:$AG23<>"")),$K23:$AG23),"-")} -> Concluída | P23: 664951.82 | Q23: Concluída
B24: =ROW()-ROW($B$3) -> 21 | C24: 85 | D24: mai/jun/jul | E24: 1159513.6 | F24: =SUM(J24,L24,N24,P24,R24,T24,V24,X24,Z24,AB24,AD24,AF24) -> 1158114.1 | G24: =E24-F24 -> 1399.48 | H24: =IFERROR(F24/E24,0) -> 0.99879305 | I24: {=IFERROR(LOOKUP(2,1/((MOD(COLUMN($K24:$AG24),2)=1)*($K24:$AG24<>"-")*($K24:$AG24<>"")),$K24:$AG24),"-")} -> Concluída | R24: 1158114.1 | S24: Concluída
B25: =ROW()-ROW($B$3) -> 22 | C25: 86 | D25: mai/jun/jul | E25: 435739.41 | F25: =SUM(J25,L25,N25,P25,R25,T25,V25,X25,Z25,AB25,AD25,AF25) -> 403397.26 | G25: =E25-F25 -> 32342.15 | H25: =IFERROR(F25/E25,0) -> 0.92577639 | I25: {=IFERROR(LOOKUP(2,1/((MOD(COLUMN($K25:$AG25),2)=1)*($K25:$AG25<>"-")*($K25:$AG25<>"")),$K25:$AG25),"-")} -> Concluída | R25: 385167.96 | S25: Em andamento | T25: 18229.3 | U25: Concluída
B26: =ROW()-ROW($B$3) -> 23 | C26: 87 | D26: jun/jul | E26: 10833.42 | F26: =SUM(J26,L26,N26,P26,R26,T26,V26,X26,Z26,AB26,AD26,AF26) -> 10833.42 | G26: =E26-F26 -> 0 | H26: =IFERROR(F26/E26,0) -> 1 | I26: {=IFERROR(LOOKUP(2,1/((MOD(COLUMN($K26:$AG26),2)=1)*($K26:$AG26<>"-")*($K26:$AG26<>"")),$K26:$AG26),"-")} -> Concluída | T26: 10833.42 | U26: Concluída
B27: =ROW()-ROW($B$3) -> 24 | C27: 88 | D27: jun/jul | E27: 16063.71 | F27: =SUM(J27,L27,N27,P27,R27,T27,V27,X27,Z27,AB27,AD27,AF27) -> 16063.71 | G27: =E27-F27 -> 0 | H27: =IFERROR(F27/E27,0) -> 1 | I27: {=IFERROR(LOOKUP(2,1/((MOD(COLUMN($K27:$AG27),2)=1)*($K27:$AG27<>"-")*($K27:$AG27<>"")),$K27:$AG27),"-")} -> Concluída | T27: 16063.71 | U27: Concluída
B28: =ROW()-ROW($B$3) -> 25 | C28: 89 | D28: jun/jul | E28: 78099.46 | F28: =SUM(J28,L28,N28,P28,R28,T28,V28,X28,Z28,AB28,AD28,AF28) -> 78099.46 | G28: =E28-F28 -> 0 | H28: =IFERROR(F28/E28,0) -> 1 | I28: {=IFERROR(LOOKUP(2,1/((MOD(COLUMN($K28:$AG28),2)=1)*($K28:$AG28<>"-")*($K28:$AG28<>"")),$K28:$AG28),"-")} -> Concluída | T28: 78099.46 | U28: Concluída
B29: =ROW()-ROW($B$3) -> 26 | C29: 90 | D29: jun/jul/ago | E29: 257593.6 | F29: =SUM(J29,L29,N29,P29,R29,T29,V29,X29,Z29,AB29,AD29,AF29) -> 218794.34 | G29: =E29-F29 -> 38799.26 | H29: =IFERROR(F29/E29,0) -> 0.84937801 | I29: {=IFERROR(LOOKUP(2,1/((MOD(COLUMN($K29:$AG29),2)=1)*($K29:$AG29<>"-")*($K29:$AG29<>"")),$K29:$AG29),"-")} -> Concluída | T29: 218794.34 | U29: Em andamento | W29: Justificada | Y29: Concluída
B30: =ROW()-ROW($B$3) -> 27 | C30: 91 | D30: jun/jul/ago | E30: 116002.57 | F30: =SUM(J30,L30,N30,P30,R30,T30,V30,X30,Z30,AB30,AD30,AF30) -> 116002.55 | G30: =E30-F30 -> 0.02 | H30: =IFERROR(F30/E30,0) -> 0.99999983 | I30: {=IFERROR(LOOKUP(2,1/((MOD(COLUMN($K30:$AG30),2)=1)*($K30:$AG30<>"-")*($K30:$AG30<>"")),$K30:$AG30),"-")} -> Concluída | U30: Justificada | W30: Justificada | X30: 116002.55 | Y30: Concluída
B31: =ROW()-ROW($B$3) -> 28 | C31: 92 | D31: jun/jul/ago | E31: 205865.44 | F31: =SUM(J31,L31,N31,P31,R31,T31,V31,X31,Z31,AB31,AD31,AF31) -> 205034.3 | G31: =E31-F31 -> 831.14 | H31: =IFERROR(F31/E31,0) -> 0.9959627 | I31: {=IFERROR(LOOKUP(2,1/((MOD(COLUMN($K31:$AG31),2)=1)*($K31:$AG31<>"-")*($K31:$AG31<>"")),$K31:$AG31),"-")} -> Concluída | T31: 185797.07 | U31: Em andamento | V31: 19237.23 | W31: Concluída
B32: =ROW()-ROW($B$3) -> 29 | C32: 93 | D32: jun/jul/ago | E32: 16594.35 | F32: =SUM(J32,L32,N32,P32,R32,T32,V32,X32,Z32,AB32,AD32,AF32) -> 16594.35 | G32: =E32-F32 -> 0 | H32: =IFERROR(F32/E32,0) -> 1 | I32: {=IFERROR(LOOKUP(2,1/((MOD(COLUMN($K32:$AG32),2)=1)*($K32:$AG32<>"-")*($K32:$AG32<>"")),$K32:$AG32),"-")} -> Concluída | T32: 16594.35 | U32: Concluída
B33: =ROW()-ROW($B$3) -> 30 | C33: 94 | D33: jun/jul/ago | E33: 150080.57 | F33: =SUM(J33,L33,N33,P33,R33,T33,V33,X33,Z33,AB33,AD33,AF33) -> 142326.92 | G33: =E33-F33 -> 7753.65 | H33: =IFERROR(F33/E33,0) -> 0.94833675 | I33: {=IFERROR(LOOKUP(2,1/((MOD(COLUMN($K33:$AG33),2)=1)*($K33:$AG33<>"-")*($K33:$AG33<>"")),$K33:$AG33),"-")} -> Concluída | T33: 65338.18 | U33: Em andamento | V33: 53494.25 | W33: Em andamento | X33: 23494.49 | Y33: Concluída
B34: =ROW()-ROW($B$3) -> 31 | C34: 95 | D34: jun/jul/ago | E34: 61911.775 | F34: =SUM(J34,L34,N34,P34,R34,T34,V34,X34,Z34,AB34,AD34,AF34) -> 56391.09 | G34: =E34-F34 -> 5520.685 | H34: =IFERROR(F34/E34,0) -> 0.91082981 | I34: {=IFERROR(LOOKUP(2,1/((MOD(COLUMN($K34:$AG34),2)=1)*($K34:$AG34<>"-")*($K34:$AG34<>"")),$K34:$AG34),"-")} -> Concluída | U34: Justificada | V34: 11995.83 | W34: Em andamento | X34: 44395.26 | Y34: Concluída
B35: =ROW()-ROW($B$3) -> 32 | C35: 96 | D35: jul/ago | E35: 79783.75 | F35: =SUM(J35,L35,N35,P35,R35,T35,V35,X35,Z35,AB35,AD35,AF35) -> 64745.67 | G35: =E35-F35 -> 15038.08 | H35: =IFERROR(F35/E35,0) -> 0.8115145 | I35: {=IFERROR(LOOKUP(2,1/((MOD(COLUMN($K35:$AG35),2)=1)*($K35:$AG35<>"-")*($K35:$AG35<>"")),$K35:$AG35),"-")} -> Concluída | V35: 19975.51 | W35: Em andamento | X35: 44770.16 | Y35: Concluída
B36: =ROW()-ROW($B$3) -> 33 | C36: 97 | D36: jun/jul/ago | E36: 674926.63 | F36: =SUM(J36,L36,N36,P36,R36,T36,V36,X36,Z36,AB36,AD36,AF36) -> 674023.65 | G36: =E36-F36 -> 902.98 | H36: =IFERROR(F36/E36,0) -> 0.99866211 | I36: {=IFERROR(LOOKUP(2,1/((MOD(COLUMN($K36:$AG36),2)=1)*($K36:$AG36<>"-")*($K36:$AG36<>"")),$K36:$AG36),"-")} -> Concluída | T36: 674023.65 | U36: Concluída
B37: =ROW()-ROW($B$3) -> 34 | C37: 98 | D37: ago/set | E37: 26754.1 | F37: =SUM(J37,L37,N37,P37,R37,T37,V37,X37,Z37,AB37,AD37,AF37) -> 26754.1 | G37: =E37-F37 -> 0 | H37: =IFERROR(F37/E37,0) -> 1 | I37: {=IFERROR(LOOKUP(2,1/((MOD(COLUMN($K37:$AG37),2)=1)*($K37:$AG37<>"-")*($K37:$AG37<>"")),$K37:$AG37),"-")} -> Concluída | X37: 26754.1 | Y37: Concluída
B38: =ROW()-ROW($B$3) -> 35 | C38: 99 | D38: jul/ago/set | E38: 69999.89 | F38: =SUM(J38,L38,N38,P38,R38,T38,V38,X38,Z38,AB38,AD38,AF38) -> 68354.64 | G38: =E38-F38 -> 1645.25 | H38: =IFERROR(F38/E38,0) -> 0.97649639 | I38: {=IFERROR(LOOKUP(2,1/((MOD(COLUMN($K38:$AG38),2)=1)*($K38:$AG38<>"-")*($K38:$AG38<>"")),$K38:$AG38),"-")} -> Em andamento | V38: 47516.41 | W38: Em andamento | X38: 20838.23 | Y38: Em andamento
B39: =ROW()-ROW($B$3) -> 36 | C39: 100 | D39: jul/ago | E39: 12558.11 | F39: =SUM(J39,L39,N39,P39,R39,T39,V39,X39,Z39,AB39,AD39,AF39) -> 12558.11 | G39: =E39-F39 -> 0 | H39: =IFERROR(F39/E39,0) -> 1 | I39: {=IFERROR(LOOKUP(2,1/((MOD(COLUMN($K39:$AG39),2)=1)*($K39:$AG39<>"-")*($K39:$AG39<>"")),$K39:$AG39),"-")} -> Concluída | V39: 12558.11 | W39: Concluída
B40: =ROW()-ROW($B$3) -> 37 | C40: 101 | D40: jul/ago/set | E40: 84263.47 | F40: =SUM(J40,L40,N40,P40,R40,T40,V40,X40,Z40,AB40,AD40,AF40) -> 68818.76 | G40: =E40-F40 -> 15444.71 | H40: =IFERROR(F40/E40,0) -> 0.8167093 | I40: {=IFERROR(LOOKUP(2,1/((MOD(COLUMN($K40:$AG40),2)=1)*($K40:$AG40<>"-")*($K40:$AG40<>"")),$K40:$AG40),"-")} -> Concluída | V40: 33435.82 | W40: Em andamento | X40: 35382.94 | Y40: Concluída
B41: =ROW()-ROW($B$3) -> 38 | C41: 102 | D41: jul/ago/set | E41: 1847366.5 | F41: =SUM(J41,L41,N41,P41,R41,T41,V41,X41,Z41,AB41,AD41,AF41) -> 1846599.9 | G41: =E41-F41 -> 766.63 | H41: =IFERROR(F41/E41,0) -> 0.99958501 | I41: {=IFERROR(LOOKUP(2,1/((MOD(COLUMN($K41:$AG41),2)=1)*($K41:$AG41<>"-")*($K41:$AG41<>"")),$K41:$AG41),"-")} -> Concluída | V41: 1846599.9 | W41: Concluída
B42: =ROW()-ROW($B$3) -> 39 | C42: 103 | D42: jul/ago/set | E42: 168629.48 | F42: =SUM(J42,L42,N42,P42,R42,T42,V42,X42,Z42,AB42,AD42,AF42) -> 138068.39 | G42: =E42-F42 -> 30561.09 | H42: =IFERROR(F42/E42,0) -> 0.81876781 | I42: {=IFERROR(LOOKUP(2,1/((MOD(COLUMN($K42:$AG42),2)=1)*($K42:$AG42<>"-")*($K42:$AG42<>"")),$K42:$AG42),"-")} -> Concluída | V42: 114438.05 | W42: Em andamento | X42: 23630.34 | Y42: Concluída
B43: =ROW()-ROW($B$3) -> 40 | C43: 104 | D43: ago/set/out | E43: 16764.61 | F43: =SUM(J43,L43,N43,P43,R43,T43,V43,X43,Z43,AB43,AD43,AF43) -> 16763.35 | G43: =E43-F43 -> 1.26 | H43: =IFERROR(F43/E43,0) -> 0.99992484 | I43: {=IFERROR(LOOKUP(2,1/((MOD(COLUMN($K43:$AG43),2)=1)*($K43:$AG43<>"-")*($K43:$AG43<>"")),$K43:$AG43),"-")} -> Concluída | X43: 16763.35 | Y43: Concluída
B44: =ROW()-ROW($B$3) -> 41 | C44: 105 | D44: ago/set/out | E44: 29400.94 | F44: =SUM(J44,L44,N44,P44,R44,T44,V44,X44,Z44,AB44,AD44,AF44) -> 29400.47 | G44: =E44-F44 -> 0.47 | H44: =IFERROR(F44/E44,0) -> 0.99998401 | I44: {=IFERROR(LOOKUP(2,1/((MOD(COLUMN($K44:$AG44),2)=1)*($K44:$AG44<>"-")*($K44:$AG44<>"")),$K44:$AG44),"-")} -> Concluída | X44: 29400.47 | Y44: Concluída
B45: =ROW()-ROW($B$3) -> 42 | C45: 106 | D45: ago/set/out | E45: 22005.58 | F45: =SUM(J45,L45,N45,P45,R45,T45,V45,X45,Z45,AB45,AD45,AF45) -> 22005.58 | G45: =E45-F45 -> 0 | H45: =IFERROR(F45/E45,0) -> 1 | I45: {=IFERROR(LOOKUP(2,1/((MOD(COLUMN($K45:$AG45),2)=1)*($K45:$AG45<>"-")*($K45:$AG45<>"")),$K45:$AG45),"-")} -> Concluída | X45: 22005.58 | Y45: Concluída
B46: =ROW()-ROW($B$3) -> 43 | C46: 107 | D46: ago/set/out | E46: 108635.52 | F46: =SUM(J46,L46,N46,P46,R46,T46,V46,X46,Z46,AB46,AD46,AF46) -> 108635.52 | G46: =E46-F46 -> 0 | H46: =IFERROR(F46/E46,0) -> 1 | I46: {=IFERROR(LOOKUP(2,1/((MOD(COLUMN($K46:$AG46),2)=1)*($K46:$AG46<>"-")*($K46:$AG46<>"")),$K46:$AG46),"-")} -> Concluída | X46: 108635.52 | Y46: Concluída
B47: =ROW()-ROW($B$3) -> 44 | C47: 108 | D47: ago/set/out | E47: 32452.15 | F47: =SUM(J47,L47,N47,P47,R47,T47,V47,X47,Z47,AB47,AD47,AF47) -> 32452.15 | G47: =E47-F47 -> 0 | H47: =IFERROR(F47/E47,0) -> 1 | I47: {=IFERROR(LOOKUP(2,1/((MOD(COLUMN($K47:$AG47),2)=1)*($K47:$AG47<>"-")*($K47:$AG47<>"")),$K47:$AG47),"-")} -> Concluída | X47: 32452.15 | Y47: Concluída
B48: =ROW()-ROW($B$3) -> 45 | C48: 109 | D48: ago/set | E48: 29068.8 | F48: =SUM(J48,L48,N48,P48,R48,T48,V48,X48,Z48,AB48,AD48,AF48) -> 29068.64 | G48: =E48-F48 -> 0.16 | H48: =IFERROR(F48/E48,0) -> 0.9999945 | I48: {=IFERROR(LOOKUP(2,1/((MOD(COLUMN($K48:$AG48),2)=1)*($K48:$AG48<>"-")*($K48:$AG48<>"")),$K48:$AG48),"-")} -> Concluída | X48: 29068.64 | Y48: Concluída
B49: =ROW()-ROW($B$3) -> 46 | C49: 110 | D49: out/nov | E49: 44770.43 | F49: =SUM(J49,L49,N49,P49,R49,T49,V49,X49,Z49,AB49,AD49,AF49) -> 0 | G49: =E49-F49 -> 44770.43 | H49: =IFERROR(F49/E49,0) -> 0 | I49: {=IFERROR(LOOKUP(2,1/((MOD(COLUMN($K49:$AG49),2)=1)*($K49:$AG49<>"-")*($K49:$AG49<>"")),$K49:$AG49),"-")} -> Em elaboração | AC49: Em elaboração
B50: =ROW()-ROW($B$3) -> 47 | C50: 111 | D50: set/out | E50: 13059.73 | F50: =SUM(J50,L50,N50,P50,R50,T50,V50,X50,Z50,AB50,AD50,AF50) -> 0 | G50: =E50-F50 -> 13059.73 | H50: =IFERROR(F50/E50,0) -> 0 | I50: {=IFERROR(LOOKUP(2,1/((MOD(COLUMN($K50:$AG50),2)=1)*($K50:$AG50<>"-")*($K50:$AG50<>"")),$K50:$AG50),"-")} -> Em elaboração | AA50: Em elaboração
B51: =ROW()-ROW($B$3) -> 48 | C51: 112 | D51: set/out | E51: 7335.76 | F51: =SUM(J51,L51,N51,P51,R51,T51,V51,X51,Z51,AB51,AD51,AF51) -> 0 | G51: =E51-F51 -> 7335.76 | H51: =IFERROR(F51/E51,0) -> 0 | I51: {=IFERROR(LOOKUP(2,1/((MOD(COLUMN($K51:$AG51),2)=1)*($K51:$AG51<>"-")*($K51:$AG51<>"")),$K51:$AG51),"-")} -> Em elaboração | AA51: Em elaboração
B52: =ROW()-ROW($B$3) -> 49 | C52: 113 | D52: set/out | E52: 15187.11 | F52: =SUM(J52,L52,N52,P52,R52,T52,V52,X52,Z52,AB52,AD52,AF52) -> 0 | G52: =E52-F52 -> 15187.11 | H52: =IFERROR(F52/E52,0) -> 0 | I52: {=IFERROR(LOOKUP(2,1/((MOD(COLUMN($K52:$AG52),2)=1)*($K52:$AG52<>"-")*($K52:$AG52<>"")),$K52:$AG52),"-")} -> Em elaboração | AA52: Em elaboração
B53: =ROW()-ROW($B$3) -> 50 | C53: 114 | D53: set/out | E53: 42221.21 | F53: =SUM(J53,L53,N53,P53,R53,T53,V53,X53,Z53,AB53,AD53,AF53) -> 0 | G53: =E53-F53 -> 42221.21 | H53: =IFERROR(F53/E53,0) -> 0 | I53: {=IFERROR(LOOKUP(2,1/((MOD(COLUMN($K53:$AG53),2)=1)*($K53:$AG53<>"-")*($K53:$AG53<>"")),$K53:$AG53),"-")} -> Em elaboração | AA53: Em elaboração
B54: =ROW()-ROW($B$3) -> 51 | C54: 115 | D54: set/out/nov | E54: 205865.44 | F54: =SUM(J54,L54,N54,P54,R54,T54,V54,X54,Z54,AB54,AD54,AF54) -> 0 | G54: =E54-F54 -> 205865.44 | H54: =IFERROR(F54/E54,0) -> 0 | I54: {=IFERROR(LOOKUP(2,1/((MOD(COLUMN($K54:$AG54),2)=1)*($K54:$AG54<>"-")*($K54:$AG54<>"")),$K54:$AG54),"-")} -> Em elaboração | AA54: Em elaboração
B55: =ROW()-ROW($B$3) -> 52 | C55: 116 | D55: set/out | E55: 43963.44 | F55: =SUM(J55,L55,N55,P55,R55,T55,V55,X55,Z55,AB55,AD55,AF55) -> 0 | G55: =E55-F55 -> 43963.44 | H55: =IFERROR(F55/E55,0) -> 0 | I55: {=IFERROR(LOOKUP(2,1/((MOD(COLUMN($K55:$AG55),2)=1)*($K55:$AG55<>"-")*($K55:$AG55<>"")),$K55:$AG55),"-")} -> Em elaboração | AA55: Em elaboração
B56: =ROW()-ROW($B$3) -> 53 | C56: 117 | D56: out/nov | E56: 0 | F56: =SUM(J56,L56,N56,P56,R56,T56,V56,X56,Z56,AB56,AD56,AF56) -> 0 | G56: =E56-F56 -> 0 | H56: =IFERROR(F56/E56,0) -> 0 | I56: {=IFERROR(LOOKUP(2,1/((MOD(COLUMN($K56:$AG56),2)=1)*($K56:$AG56<>"-")*($K56:$AG56<>"")),$K56:$AG56),"-")} -> -

Sheet REGIÃO 13 - RESUMO
B2: REGIÃO 13
B3: ID | C3: REGIÃO | D3: CONTRATO | E3: OSP | F3: DATA EMISSÃO | G3: CRONOGRAMA | H3: N° TRECHO | I3: TRECHO | J3: SERVIÇO | K3: VALOR PREVISTO | L3: SITUAÇÃO | M3: OBSERVAÇÃO
B4: ='REGIÃO 13 - HISTÓRICO'!B4 -> 1 | C4: R13 | D4: =_xlfn.XLOOKUP(tbResumoR13[[#This Row],[REGIÃO]],tbRegioes[Código Região],tbRegioes[Contrato],"") -> 051.2024 | E4: ='REGIÃO 13 - HISTÓRICO'!C4 -> 73 | F4: Janeiro | G4: ='REGIÃO 13 - HISTÓRICO'!D4 -> jan/fev/mar | H4: 266 | I4: =IF(tbResumoR13[[#This Row],[N° TRECHO]]="","",IFERROR(INDEX(Tabela6[TRECHO],MATCH(tbResumoR13[[#This Row],[N° TRECHO]],Tabela6[NÚMERO TRECHO],0)),IFERROR(INDEX(Tabela7[TRECHO],MATCH(tbResumoR13[[#This Row],[N° TRECHO]],Tabela7[NÚMERO TRECHO],0)),IFERROR(INDEX(Tabela8[TRECHO],MATCH(tbResumoR13[[#This Row],[N° TRECHO]],Tabela8[NÚMERO TRECHO],0)),"Trecho não cadastrado")))) -> RODOVIA TO-476 - TRECHO RIO DA CONCEIÇÃO - DIANÓPOLIS | J4: Roçada / Tapa-Buraco CAE | K4: ='REGIÃO 13 - HISTÓRICO'!E4 -> 98239.68 | L4: ='REGIÃO 13 - HISTÓRICO'!I4 -> Concluída
B5: ='REGIÃO 13 - HISTÓRICO'!B5 -> 2 | C5: R13 | D5: =_xlfn.XLOOKUP(tbResumoR13[[#This Row],[REGIÃO]],tbRegioes[Código Região],tbRegioes[Contrato],"") -> 051.2024 | E5: ='REGIÃO 13 - HISTÓRICO'!C5 -> 74 | F5: Janeiro | G5: ='REGIÃO 13 - HISTÓRICO'!D5 -> jan/fev/mar/abr | H5: 246 | I5: =IF(tbResumoR13[[#This Row],[N° TRECHO]]="","",IFERROR(INDEX(Tabela6[TRECHO],MATCH(tbResumoR13[[#This Row],[N° TRECHO]],Tabela6[NÚMERO TRECHO],0)),IFERROR(INDEX(Tabela7[TRECHO],MATCH(tbResumoR13[[#This Row],[N° TRECHO]],Tabela7[NÚMERO TRECHO],0)),IFERROR(INDEX(Tabela8[TRECHO],MATCH(tbResumoR13[[#This Row],[N° TRECHO]],Tabela8[NÚMERO TRECHO],0)),"Trecho não cadastrado")))) -> RODOVIA TO-040 - TRECHO ALMAS - PORTO ALEGRE DO TOCANTINS | J5: Roçada / Tapa-Buraco CAE | K5: ='REGIÃO 13 - HISTÓRICO'!E5 -> 329309.36 | L5: ='REGIÃO 13 - HISTÓRICO'!I5 -> Concluída
B6: ='REGIÃO 13 - HISTÓRICO'!B6 -> 3 | C6: R13 | D6: =_xlfn.XLOOKUP(tbResumoR13[[#This Row],[REGIÃO]],tbRegioes[Código Região],tbRegioes[Contrato],"") -> 051.2024 | E6: ='REGIÃO 13 - HISTÓRICO'!C6 -> 75 | F6: Janeiro | G6: ='REGIÃO 13 - HISTÓRICO'!D6 -> jan/fev/mar | H6: 247 | I6: =IF(tbResumoR13[[#This Row],[N° TRECHO]]="","",IFERROR(INDEX(Tabela6[TRECHO],MATCH(tbResumoR13[[#This Row],[N° TRECHO]],Tabela6[NÚMERO TRECHO],0)),IFERROR(INDEX(Tabela7[TRECHO],MATCH(tbResumoR13[[#This Row],[N° TRECHO]],Tabela7[NÚMERO TRECHO],0)),IFERROR(INDEX(Tabela8[TRECHO],MATCH(tbResumoR13[[#This Row],[N° TRECHO]],Tabela8[NÚMERO TRECHO],0)),"Trecho não cadastrado")))) -> RODOVIA TO-040 - TRECHO DIANÓPOLIS - NOVO JARDIM | J6: Roçada / Tapa-Buraco CAE | K6: ='REGIÃO 13 - HISTÓRICO'!E6 -> 140435.54 | L6: ='REGIÃO 13 - HISTÓRICO'!I6 -> Concluída
B7: ='REGIÃO 13 - HISTÓRICO'!B7 -> 4 | C7: R13 | D7: =_xlfn.XLOOKUP(tbResumoR13[[#This Row],[REGIÃO]],tbRegioes[Código Região],tbRegioes[Contrato],"") -> 051.2024 | E7: ='REGIÃO 13 - HISTÓRICO'!C7 -> 76 | F7: Janeiro | G7: ='REGIÃO 13 - HISTÓRICO'!D7 -> jan/fev/mar | H7: 248 | I7: =IF(tbResumoR13[[#This Row],[N° TRECHO]]="","",IFERROR(INDEX(Tabela6[TRECHO],MATCH(tbResumoR13[[#This Row],[N° TRECHO]],Tabela6[NÚMERO TRECHO],0)),IFERROR(INDEX(Tabela7[TRECHO],MATCH(tbResumoR13[[#This Row],[N° TRECHO]],Tabela7[NÚMERO TRECHO],0)),IFERROR(INDEX(Tabela8[TRECHO],MATCH(tbResumoR13[[#This Row],[N° TRECHO]],Tabela8[NÚMERO TRECHO],0)),"Trecho não cadastrado")))) -> RODOVIA TO-040 - TRECHO NOVO JARDIM - DIVISA TO-BA | J7: Roçada / Tapa-Buraco CAE | K7: ='REGIÃO 13 - HISTÓRICO'!E7 -> 157252.35 | L7: ='REGIÃO 13 - HISTÓRICO'!I7 -> Concluída
B8: ='REGIÃO 13 - HISTÓRICO'!B8 -> 5 | C8: R13 | D8: =_xlfn.XLOOKUP(tbResumoR13[[#This Row],[REGIÃO]],tbRegioes[Código Região],tbRegioes[Contrato],"") -> 051.2024 | E8: ='REGIÃO 13 - HISTÓRICO'!C8 -> 77 | F8: Janeiro | G8: ='REGIÃO 13 - HISTÓRICO'!D8 -> jan/fev/mar/abr | H8: 249 | I8: =IF(tbResumoR13[[#This Row],[N° TRECHO]]="","",IFERROR(INDEX(Tabela6[TRECHO],MATCH(tbResumoR13[[#This Row],[N° TRECHO]],Tabela6[NÚMERO TRECHO],0)),IFERROR(INDEX(Tabela7[TRECHO],MATCH(tbResumoR13[[#This Row],[N° TRECHO]],Tabela7[NÚMERO TRECHO],0)),IFERROR(INDEX(Tabela8[TRECHO],MATCH(tbResumoR13[[#This Row],[N° TRECHO]],Tabela8[NÚMERO TRECHO],0)),"Trecho não cadastrado")))) -> RODOVIA TO-040 - TRECHO PORTO ALEGRE DO TOCANTINS - DIANÓPOLIS | J8: Roçada / Tapa-Buraco CAE | K8: ='REGIÃO 13 - HISTÓRICO'!E8 -> 1234328.1 | L8: ='REGIÃO 13 - HISTÓRICO'!I8 -> Concluída
B9: ='REGIÃO 13 - HISTÓRICO'!B9 -> 6 | C9: R13 | D9: =_xlfn.XLOOKUP(tbResumoR13[[#This Row],[REGIÃO]],tbRegioes[Código Região],tbRegioes[Contrato],"") -> 051.2024 | E9: ='REGIÃO 13 - HISTÓRICO'!C9 -> 78 | F9: Janeiro | G9: ='REGIÃO 13 - HISTÓRICO'!D9 -> jan/fev/mar | H9: 255 | I9: =IF(tbResumoR13[[#This Row],[N° TRECHO]]="","",IFERROR(INDEX(Tabela6[TRECHO],MATCH(tbResumoR13[[#This Row],[N° TRECHO]],Tabela6[NÚMERO TRECHO],0)),IFERROR(INDEX(Tabela7[TRECHO],MATCH(tbResumoR13[[#This Row],[N° TRECHO]],Tabela7[NÚMERO TRECHO],0)),IFERROR(INDEX(Tabela8[TRECHO],MATCH(tbResumoR13[[#This Row],[N° TRECHO]],Tabela8[NÚMERO TRECHO],0)),"Trecho não cadastrado")))) -> RODOVIA TO-110 - TRECHO ENTR. TO-040 (DIANÓPOLIS) - DIVISA TO-BA (GARGANTA) | J9: Roçada / Tapa-Buraco CAE | K9: ='REGIÃO 13 - HISTÓRICO'!E9 -> 98271.39 | L9: ='REGIÃO 13 - HISTÓRICO'!I9 -> Concluída
B10: ='REGIÃO 13 - HISTÓRICO'!B10 -> 7 | C10: R13 | D10: =_xlfn.XLOOKUP(tbResumoR13[[#This Row],[REGIÃO]],tbRegioes[Código Região],tbRegioes[Contrato],"") -> 051.2024 | E10: ='REGIÃO 13 - HISTÓRICO'!C10 -> 79 | F10: Fevereiro | G10: ='REGIÃO 13 - HISTÓRICO'!D10 -> fev/mar | H10: 252 | I10: =IF(tbResumoR13[[#This Row],[N° TRECHO]]="","",IFERROR(INDEX(Tabela6[TRECHO],MATCH(tbResumoR13[[#This Row],[N° TRECHO]],Tabela6[NÚMERO TRECHO],0)),IFERROR(INDEX(Tabela7[TRECHO],MATCH(tbResumoR13[[#This Row],[N° TRECHO]],Tabela7[NÚMERO TRECHO],0)),IFERROR(INDEX(Tabela8[TRECHO],MATCH(tbResumoR13[[#This Row],[N° TRECHO]],Tabela8[NÚMERO TRECHO],0)),"Trecho não cadastrado")))) -> RODOVIA TO-050 - TRECHO ENTR. BR-010 (POVOADO PRÍNCIPE) - CONCEIÇÃO DO TOCANTINS | J10: Roçada / Tapa-Buraco CAE | K10: ='REGIÃO 13 - HISTÓRICO'!E10 -> 569533.54 | L10: ='REGIÃO 13 - HISTÓRICO'!I10 -> Concluída
B11: ='REGIÃO 13 - HISTÓRICO'!B11 -> 8 | C11: R13 | D11: =_xlfn.XLOOKUP(tbResumoR13[[#This Row],[REGIÃO]],tbRegioes[Código Região],tbRegioes[Contrato],"") -> 051.2024 | E11: ='REGIÃO 13 - HISTÓRICO'!C11 -> 80 | F11: Fevereiro | G11: ='REGIÃO 13 - HISTÓRICO'!D11 -> fev/mar/abr | H11: 245 | I11: =IF(tbResumoR13[[#This Row],[N° TRECHO]]="","",IFERROR(INDEX(Tabela6[TRECHO],MATCH(tbResumoR13[[#This Row],[N° TRECHO]],Tabela6[NÚMERO TRECHO],0)),IFERROR(INDEX(Tabela7[TRECHO],MATCH(tbResumoR13[[#This Row],[N° TRECHO]],Tabela7[NÚMERO TRECHO],0)),IFERROR(INDEX(Tabela8[TRECHO],MATCH(tbResumoR13[[#This Row],[N° TRECHO]],Tabela8[NÚMERO TRECHO],0)),"Trecho não cadastrado")))) -> RODOVIA TO-040 - TRECHO ENTR. TO-369 - ENTR. TO-280 (ALMAS) | J11: Terraplenagem / Reconformação da plataforma / Recomposição do revestimento primário | K11: ='REGIÃO 13 - HISTÓRICO'!E11 -> 361880.42 | L11: ='REGIÃO 13 - HISTÓRICO'!I11 -> Concluída
B12: ='REGIÃO 13 - HISTÓRICO'!B12 -> 9 | C12: R13 | D12: =_xlfn.XLOOKUP(tbResumoR13[[#This Row],[REGIÃO]],tbRegioes[Código Região],tbRegioes[Contrato],"") -> 051.2024 | E12: ='REGIÃO 13 - HISTÓRICO'!C12 -> 81 | F12: Fevereiro | G12: ='REGIÃO 13 - HISTÓRICO'!D12 -> fev/mar/abr | H12: 270 | I12: =IF(tbResumoR13[[#This Row],[N° TRECHO]]="","",IFERROR(INDEX(Tabela6[TRECHO],MATCH(tbResumoR13[[#This Row],[N° TRECHO]],Tabela6[NÚMERO TRECHO],0)),IFERROR(INDEX(Tabela7[TRECHO],MATCH(tbResumoR13[[#This Row],[N° TRECHO]],Tabela7[NÚMERO TRECHO],0)),IFERROR(INDEX(Tabela8[TRECHO],MATCH(tbResumoR13[[#This Row],[N° TRECHO]],Tabela8[NÚMERO TRECHO],0)),"Trecho não cadastrado")))) -> RODOVIA TO-485 - TRECHO TAIPAS DO TOCANTINS - ENTR. TO-110 | J12: Reconformação da plataforma / Recomposição do revestimento primário | K12: ='REGIÃO 13 - HISTÓRICO'!E12 -> 616483.01 | L12: ='REGIÃO 13 - HISTÓRICO'!I12 -> Concluída
B13: ='REGIÃO 13 - HISTÓRICO'!B13 -> 10 | C13: R13 | D13: =_xlfn.XLOOKUP(tbResumoR13[[#This Row],[REGIÃO]],tbRegioes[Código Região],tbRegioes[Contrato],"") -> 051.2024 | E13: ='REGIÃO 13 - HISTÓRICO'!C13 -> 82 | F13: Fevereiro | G13: ='REGIÃO 13 - HISTÓRICO'!D13 -> fev/mar | H13: 258 | I13: =IF(tbResumoR13[[#This Row],[N° TRECHO]]="","",IFERROR(INDEX(Tabela6[TRECHO],MATCH(tbResumoR13[[#This Row],[N° TRECHO]],Tabela6[NÚMERO TRECHO],0)),IFERROR(INDEX(Tabela7[TRECHO],MATCH(tbResumoR13[[#This Row],[N° TRECHO]],Tabela7[NÚMERO TRECHO],0)),IFERROR(INDEX(Tabela8[TRECHO],MATCH(tbResumoR13[[#This Row],[N° TRECHO]],Tabela8[NÚMERO TRECHO],0)),"Trecho não cadastrado")))) -> RODOVIA TO-110 - TRECHO PONTE ALTA DO BOM JESUS - ENTR. BR-242(TAGUATINGA) | J13: Roçada / Limpeza EDS | K13: ='REGIÃO 13 - HISTÓRICO'!E13 -> 46532.4 | L13: ='REGIÃO 13 - HISTÓRICO'!I13 -> Concluída
B14: ='REGIÃO 13 - HISTÓRICO'!B71 -> 68 | C14: R13 | D14: =_xlfn.XLOOKUP(tbResumoR13[[#This Row],[REGIÃO]],tbRegioes[Código Região],tbRegioes[Contrato],"") -> 051.2024 | E14: ='REGIÃO 13 - HISTÓRICO'!C14 -> 83 | F14: Março | G14: ='REGIÃO 13 - HISTÓRICO'!D14 -> mar/abr/mai | H14: 251 | I14: =IF(tbResumoR13[[#This Row],[N° TRECHO]]="","",IFERROR(INDEX(Tabela6[TRECHO],MATCH(tbResumoR13[[#This Row],[N° TRECHO]],Tabela6[NÚMERO TRECHO],0)),IFERROR(INDEX(Tabela7[TRECHO],MATCH(tbResumoR13[[#This Row],[N° TRECHO]],Tabela7[NÚMERO TRECHO],0)),IFERROR(INDEX(Tabela8[TRECHO],MATCH(tbResumoR13[[#This Row],[N° TRECHO]],Tabela8[NÚMERO TRECHO],0)),"Trecho não cadastrado")))) -> RODOVIA TO-050 - TRECHO CONCEIÇÃO DO TOCANTINS - ARRAIAS | J14: Tapa-Buraco CAE / Remendo Profundo | K14: ='REGIÃO 13 - HISTÓRICO'!E14 -> 396115.31 | L14: ='REGIÃO 13 - HISTÓRICO'!I14 -> Concluída
B15: ='REGIÃO 13 - HISTÓRICO'!B72 -> 69 | C15: R13 | D15: =_xlfn.XLOOKUP(tbResumoR13[[#This Row],[REGIÃO]],tbRegioes[Código Região],tbRegioes[Contrato],"") -> 051.2024 | E15: ='REGIÃO 13 - HISTÓRICO'!C15 -> 84 | F15: Março | G15: ='REGIÃO 13 - HISTÓRICO'!D15 -> mar/abr/mai | H15: 247 | I15: =IF(tbResumoR13[[#This Row],[N° TRECHO]]="","",IFERROR(INDEX(Tabela6[TRECHO],MATCH(tbResumoR13[[#This Row],[N° TRECHO]],Tabela6[NÚMERO TRECHO],0)),IFERROR(INDEX(Tabela7[TRECHO],MATCH(tbResumoR13[[#This Row],[N° TRECHO]],Tabela7[NÚMERO TRECHO],0)),IFERROR(INDEX(Tabela8[TRECHO],MATCH(tbResumoR13[[#This Row],[N° TRECHO]],Tabela8[NÚMERO TRECHO],0)),"Trecho não cadastrado")))) -> RODOVIA TO-040 - TRECHO DIANÓPOLIS - NOVO JARDIM | J15: Tapa-Buraco CAE / Remendo Profundo | K15: ='REGIÃO 13 - HISTÓRICO'!E15 -> 304771.96 | L15: ='REGIÃO 13 - HISTÓRICO'!I15 -> Concluída
B16: ='REGIÃO 13 - HISTÓRICO'!B16 -> 0 | C16: R13 | D16: =_xlfn.XLOOKUP(tbResumoR13[[#This Row],[REGIÃO]],tbRegioes[Código Região],tbRegioes[Contrato],"") -> 051.2024 | E16: ='REGIÃO 13 - HISTÓRICO'!C16 -> 85 | F16: Março | G16: ='REGIÃO 13 - HISTÓRICO'!D16 -> mar/abr/mai | H16: 250 | I16: =IF(tbResumoR13[[#This Row],[N° TRECHO]]="","",IFERROR(INDEX(Tabela6[TRECHO],MATCH(tbResumoR13[[#This Row],[N° TRECHO]],Tabela6[NÚMERO TRECHO],0)),IFERROR(INDEX(Tabela7[TRECHO],MATCH(tbResumoR13[[#This Row],[N° TRECHO]],Tabela7[NÚMERO TRECHO],0)),IFERROR(INDEX(Tabela8[TRECHO],MATCH(tbResumoR13[[#This Row],[N° TRECHO]],Tabela8[NÚMERO TRECHO],0)),"Trecho não cadastrado")))) -> RODOVIA TO-050 - TRECHO ARRAIAS - DIVISA TO-GO | J16: Tapa-Buraco CAE | K16: ='REGIÃO 13 - HISTÓRICO'!E16 -> 64506.29 | L16: ='REGIÃO 13 - HISTÓRICO'!I16 -> Concluída
B17: ='REGIÃO 13 - HISTÓRICO'!B17 -> 0 | C17: R13 | D17: =_xlfn.XLOOKUP(tbResumoR13[[#This Row],[REGIÃO]],tbRegioes[Código Região],tbRegioes[Contrato],"") -> 051.2024 | E17: ='REGIÃO 13 - HISTÓRICO'!C17 -> 86 | F17: Março | G17: ='REGIÃO 13 - HISTÓRICO'!D17 -> mar/abr | H17: 253 | I17: =IF(tbResumoR13[[#This Row],[N° TRECHO]]="","",IFERROR(INDEX(Tabela6[TRECHO],MATCH(tbResumoR13[[#This Row],[N° TRECHO]],Tabela6[NÚMERO TRECHO],0)),IFERROR(INDEX(Tabela7[TRECHO],MATCH(tbResumoR13[[#This Row],[N° TRECHO]],Tabela7[NÚMERO TRECHO],0)),IFERROR(INDEX(Tabela8[TRECHO],MATCH(tbResumoR13[[#This Row],[N° TRECHO]],Tabela8[NÚMERO TRECHO],0)),"Trecho não cadastrado")))) -> RODOVIA TO-110 - TRECHO AURORA DO TOCANTINS - LAVANDEIRA | J17: Roçada | K17: ='REGIÃO 13 - HISTÓRICO'!E17 -> 10233.94 | L17: ='REGIÃO 13 - HISTÓRICO'!I17 -> Justificada
B18: ='REGIÃO 13 - HISTÓRICO'!B18 -> 0 | C18: R13 | D18: =_xlfn.XLOOKUP(tbResumoR13[[#This Row],[REGIÃO]],tbRegioes[Código Região],tbRegioes[Contrato],"") -> 051.2024 | E18: ='REGIÃO 13 - HISTÓRICO'!C18 -> 87 | F18: Março | G18: ='REGIÃO 13 - HISTÓRICO'!D18 -> mar/abr | H18: 254 | I18: =IF(tbResumoR13[[#This Row],[N° TRECHO]]="","",IFERROR(INDEX(Tabela6[TRECHO],MATCH(tbResumoR13[[#This Row],[N° TRECHO]],Tabela6[NÚMERO TRECHO],0)),IFERROR(INDEX(Tabela7[TRECHO],MATCH(tbResumoR13[[#This Row],[N° TRECHO]],Tabela7[NÚMERO TRECHO],0)),IFERROR(INDEX(Tabela8[TRECHO],MATCH(tbResumoR13[[#This Row],[N° TRECHO]],Tabela8[NÚMERO TRECHO],0)),"Trecho não cadastrado")))) -> RODOVIA TO-110 - TRECHO COMBINADO - NOVO ALEGRE - DIVISA TO-GO | J18: Roçada | K18: ='REGIÃO 13 - HISTÓRICO'!E18 -> 7238.27 | L18: ='REGIÃO 13 - HISTÓRICO'!I18 -> Concluída
B19: ='REGIÃO 13 - HISTÓRICO'!B19 -> 0 | C19: R13 | D19: =_xlfn.XLOOKUP(tbResumoR13[[#This Row],[REGIÃO]],tbRegioes[Código Região],tbRegioes[Contrato],"") -> 051.2024 | E19: ='REGIÃO 13 - HISTÓRICO'!C19 -> 88 | F19: Março | G19: ='REGIÃO 13 - HISTÓRICO'!D19 -> mar/abr/mai | H19: 271 | I19: =IF(tbResumoR13[[#This Row],[N° TRECHO]]="","",IFERROR(INDEX(Tabela6[TRECHO],MATCH(tbResumoR13[[#This Row],[N° TRECHO]],Tabela6[NÚMERO TRECHO],0)),IFERROR(INDEX(Tabela7[TRECHO],MATCH(tbResumoR13[[#This Row],[N° TRECHO]],Tabela7[NÚMERO TRECHO],0)),IFERROR(INDEX(Tabela8[TRECHO],MATCH(tbResumoR13[[#This Row],[N° TRECHO]],Tabela8[NÚMERO TRECHO],0)),"Trecho não cadastrado")))) -> RODOVIA TO-487 - TRECHO ENTR. TO-485 (MIMOSA DOS MARINS) - ENTR. BR-242 | J19: Reconformação da plataforma / Recomposição do revestimento primário | K19: ='REGIÃO 13 - HISTÓRICO'!E19 -> 193211.69 | L19: ='REGIÃO 13 - HISTÓRICO'!I19 -> Concluída
B20: ='REGIÃO 13 - HISTÓRICO'!B20 -> 0 | C20: R13 | D20: =_xlfn.XLOOKUP(tbResumoR13[[#This Row],[REGIÃO]],tbRegioes[Código Região],tbRegioes[Contrato],"") -> 051.2024 | E20: ='REGIÃO 13 - HISTÓRICO'!C20 -> 89 | F20: Março | G20: ='REGIÃO 13 - HISTÓRICO'!D20 -> mar/abr | H20: 256 | I20: =IF(tbResumoR13[[#This Row],[N° TRECHO]]="","",IFERROR(INDEX(Tabela6[TRECHO],MATCH(tbResumoR13[[#This Row],[N° TRECHO]],Tabela6[NÚMERO TRECHO],0)),IFERROR(INDEX(Tabela7[TRECHO],MATCH(tbResumoR13[[#This Row],[N° TRECHO]],Tabela7[NÚMERO TRECHO],0)),IFERROR(INDEX(Tabela8[TRECHO],MATCH(tbResumoR13[[#This Row],[N° TRECHO]],Tabela8[NÚMERO TRECHO],0)),"Trecho não cadastrado")))) -> RODOVIA TO-110 - TRECHO ENTR. TO-040 - PONTE ALTA DO BOM JESUS | J20: Roçada | K20: ='REGIÃO 13 - HISTÓRICO'!E20 -> 16279.15 | L20: ='REGIÃO 13 - HISTÓRICO'!I20 -> Concluída
B21: ='REGIÃO 13 - HISTÓRICO'!B21 -> 0 | C21: R13 | D21: =_xlfn.XLOOKUP(tbResumoR13[[#This Row],[REGIÃO]],tbRegioes[Código Região],tbRegioes[Contrato],"") -> 051.2024 | E21: ='REGIÃO 13 - HISTÓRICO'!C21 -> 90 | F21: Março | G21: ='REGIÃO 13 - HISTÓRICO'!D21 -> mar/abr | H21: 257 | I21: =IF(tbResumoR13[[#This Row],[N° TRECHO]]="","",IFERROR(INDEX(Tabela6[TRECHO],MATCH(tbResumoR13[[#This Row],[N° TRECHO]],Tabela6[NÚMERO TRECHO],0)),IFERROR(INDEX(Tabela7[TRECHO],MATCH(tbResumoR13[[#This Row],[N° TRECHO]],Tabela7[NÚMERO TRECHO],0)),IFERROR(INDEX(Tabela8[TRECHO],MATCH(tbResumoR13[[#This Row],[N° TRECHO]],Tabela8[NÚMERO TRECHO],0)),"Trecho não cadastrado")))) -> RODOVIA TO-110 - TRECHO LAVANDEIRA - COMBINADO | J21: Roçada | K21: ='REGIÃO 13 - HISTÓRICO'!E21 -> 3366.65 | L21: ='REGIÃO 13 - HISTÓRICO'!I21 -> Concluída
B22: ='REGIÃO 13 - HISTÓRICO'!B22 -> 0 | C22: R13 | D22: =_xlfn.XLOOKUP(tbResumoR13[[#This Row],[REGIÃO]],tbRegioes[Código Região],tbRegioes[Contrato],"") -> 051.2024 | E22: ='REGIÃO 13 - HISTÓRICO'!C22 -> 91 | F22: Março | G22: ='REGIÃO 13 - HISTÓRICO'!D22 -> mar/abr | H22: 258 | I22: =IF(tbResumoR13[[#This Row],[N° TRECHO]]="","",IFERROR(INDEX(Tabela6[TRECHO],MATCH(tbResumoR13[[#This Row],[N° TRECHO]],Tabela6[NÚMERO TRECHO],0)),IFERROR(INDEX(Tabela7[TRECHO],MATCH(tbResumoR13[[#This Row],[N° TRECHO]],Tabela7[NÚMERO TRECHO],0)),IFERROR(INDEX(Tabela8[TRECHO],MATCH(tbResumoR13[[#This Row],[N° TRECHO]],Tabela8[NÚMERO TRECHO],0)),"Trecho não cadastrado")))) -> RODOVIA TO-110 - TRECHO PONTE ALTA DO BOM JESUS - ENTR. BR-242(TAGUATINGA) | J22: Roçada | K22: ='REGIÃO 13 - HISTÓRICO'!E22 -> 15049.96 | L22: ='REGIÃO 13 - HISTÓRICO'!I22 -> Concluída
B23: ='REGIÃO 13 - HISTÓRICO'!B23 -> 0 | C23: R13 | D23: =_xlfn.XLOOKUP(tbResumoR13[[#This Row],[REGIÃO]],tbRegioes[Código Região],tbRegioes[Contrato],"") -> 051.2024 | E23: ='REGIÃO 13 - HISTÓRICO'!C23 -> 92 | F23: Abril | G23: ='REGIÃO 13 - HISTÓRICO'!D23 -> abr/mai | H23: 259 | I23: =IF(tbResumoR13[[#This Row],[N° TRECHO]]="","",IFERROR(INDEX(Tabela6[TRECHO],MATCH(tbResumoR13[[#This Row],[N° TRECHO]],Tabela6[NÚMERO TRECHO],0)),IFERROR(INDEX(Tabela7[TRECHO],MATCH(tbResumoR13[[#This Row],[N° TRECHO]],Tabela7[NÚMERO TRECHO],0)),IFERROR(INDEX(Tabela8[TRECHO],MATCH(tbResumoR13[[#This Row],[N° TRECHO]],Tabela8[NÚMERO TRECHO],0)),"Trecho não cadastrado")))) -> RODOVIA TO-110 - TRECHO TAGUATINGA - AURORA DO TOCANTINS | J23: Roçada | K23: ='REGIÃO 13 - HISTÓRICO'!E23 -> 18985.42 | L23: ='REGIÃO 13 - HISTÓRICO'!I23 -> Concluída
B24: ='REGIÃO 13 - HISTÓRICO'!B24 -> 0 | C24: R13 | D24: =_xlfn.XLOOKUP(tbResumoR13[[#This Row],[REGIÃO]],tbRegioes[Código Região],tbRegioes[Contrato],"") -> 051.2024 | E24: ='REGIÃO 13 - HISTÓRICO'!C24 -> 93 | F24: Março | G24: ='REGIÃO 13 - HISTÓRICO'!D24 -> mar/abr/mai | H24: 280 | I24: =IF(tbResumoR13[[#This Row],[N° TRECHO]]="","",IFERROR(INDEX(Tabela6[TRECHO],MATCH(tbResumoR13[[#This Row],[N° TRECHO]],Tabela6[NÚMERO TRECHO],0)),IFERROR(INDEX(Tabela7[TRECHO],MATCH(tbResumoR13[[#This Row],[N° TRECHO]],Tabela7[NÚMERO TRECHO],0)),IFERROR(INDEX(Tabela8[TRECHO],MATCH(tbResumoR13[[#This Row],[N° TRECHO]],Tabela8[NÚMERO TRECHO],0)),"Trecho não cadastrado")))) -> Trecho não cadastrado | J24: Manutenção corretiva Aeródromo | K24: ='REGIÃO 13 - HISTÓRICO'!E24 -> 796996.03 | L24: ='REGIÃO 13 - HISTÓRICO'!I24 -> Concluída
B25: ='REGIÃO 13 - HISTÓRICO'!B25 -> 0 | C25: R13 | D25: =_xlfn.XLOOKUP(tbResumoR13[[#This Row],[REGIÃO]],tbRegioes[Código Região],tbRegioes[Contrato],"") -> 051.2024 | E25: ='REGIÃO 13 - HISTÓRICO'!C25 -> 94 | F25: Março | G25: ='REGIÃO 13 - HISTÓRICO'!D25 -> mar/abr/mai | H25: 279 | I25: =IF(tbResumoR13[[#This Row],[N° TRECHO]]="","",IFERROR(INDEX(Tabela6[TRECHO],MATCH(tbResumoR13[[#This Row],[N° TRECHO]],Tabela6[NÚMERO TRECHO],0)),IFERROR(INDEX(Tabela7[TRECHO],MATCH(tbResumoR13[[#This Row],[N° TRECHO]],Tabela7[NÚMERO TRECHO],0)),IFERROR(INDEX(Tabela8[TRECHO],MATCH(tbResumoR13[[#This Row],[N° TRECHO]],Tabela8[NÚMERO TRECHO],0)),"Trecho não cadastrado")))) -> Trecho não cadastrado | J25: Manutenção corretiva Aeródromo | K25: ='REGIÃO 13 - HISTÓRICO'!E25 -> 983850.17 | L25: ='REGIÃO 13 - HISTÓRICO'!I25 -> Concluída
B26: ='REGIÃO 13 - HISTÓRICO'!B26 -> 0 | C26: R13 | D26: =_xlfn.XLOOKUP(tbResumoR13[[#This Row],[REGIÃO]],tbRegioes[Código Região],tbRegioes[Contrato],"") -> 051.2024 | E26: ='REGIÃO 13 - HISTÓRICO'!C26 -> 95 | F26: Março | G26: ='REGIÃO 13 - HISTÓRICO'!D26 -> mar/abr | H26: 266 | I26: =IF(tbResumoR13[[#This Row],[N° TRECHO]]="","",IFERROR(INDEX(Tabela6[TRECHO],MATCH(tbResumoR13[[#This Row],[N° TRECHO]],Tabela6[NÚMERO TRECHO],0)),IFERROR(INDEX(Tabela7[TRECHO],MATCH(tbResumoR13[[#This Row],[N° TRECHO]],Tabela7[NÚMERO TRECHO],0)),IFERROR(INDEX(Tabela8[TRECHO],MATCH(tbResumoR13[[#This Row],[N° TRECHO]],Tabela8[NÚMERO TRECHO],0)),"Trecho não cadastrado")))) -> RODOVIA TO-476 - TRECHO RIO DA CONCEIÇÃO - DIANÓPOLIS | J26: Tapa-Buraco CAE / Reparo EDS / Remendo Profundo / Enrocamento de pedra arrumada | K26: ='REGIÃO 13 - HISTÓRICO'!E26 -> 32126.996 | L26: ='REGIÃO 13 - HISTÓRICO'!I26 -> Concluída
B27: ='REGIÃO 13 - HISTÓRICO'!B27 -> 0 | C27: R13 | D27: =_xlfn.XLOOKUP(tbResumoR13[[#This Row],[REGIÃO]],tbRegioes[Código Região],tbRegioes[Contrato],"") -> 051.2024 | E27: ='REGIÃO 13 - HISTÓRICO'!C27 -> 96 | F27: Março | G27: ='REGIÃO 13 - HISTÓRICO'!D27 -> mar/abr/mai | H27: 269 | I27: =IF(tbResumoR13[[#This Row],[N° TRECHO]]="","",IFERROR(INDEX(Tabela6[TRECHO],MATCH(tbResumoR13[[#This Row],[N° TRECHO]],Tabela6[NÚMERO TRECHO],0)),IFERROR(INDEX(Tabela7[TRECHO],MATCH(tbResumoR13[[#This Row],[N° TRECHO]],Tabela7[NÚMERO TRECHO],0)),IFERROR(INDEX(Tabela8[TRECHO],MATCH(tbResumoR13[[#This Row],[N° TRECHO]],Tabela8[NÚMERO TRECHO],0)),"Trecho não cadastrado")))) -> RODOVIA TO-477 - TRECHO ENTR. BR-010 (POVOADO BONFIM) - ALMAS | J27: Terraplenagem / Reconformação da plataforma / Recomposição do revestimento primário | K27: ='REGIÃO 13 - HISTÓRICO'!E27 -> 197054.75 | L27: ='REGIÃO 13 - HISTÓRICO'!I27 -> Concluída
... B45: ='REGIÃO 13 - HISTÓRICO'!B45 -> 0 | C45: R13 | D45: =_xlfn.XLOOKUP(tbResumoR13[[#This Row],[REGIÃO]],tbRegioes[Código Região],tbRegioes[Contrato],"") -> 051.2024 | E45: ='REGIÃO 13 - HISTÓRICO'!C45 -> 114 | F45: Maio | G45: ='REGIÃO 13 - HISTÓRICO'!D45 -> mai/jun/jul | H45: 251 | I45: =IF(tbResumoR13[[#This Row],[N° TRECHO]]="","",IFERROR(INDEX(Tabela6[TRECHO],MATCH(tbResumoR13[[#This Row],[N° TRECHO]],Tabela6[NÚMERO TRECHO],0)),IFERROR(INDEX(Tabela7[TRECHO],MATCH(tbResumoR13[[#This Row],[N° TRECHO]],Tabela7[NÚMERO TRECHO],0)),IFERROR(INDEX(Tabela8[TRECHO],MATCH(tbResumoR13[[#This Row],[N° TRECHO]],Tabela8[NÚMERO TRECHO],0)),"Trecho não cadastrado")))) -> RODOVIA TO-050 - TRECHO CONCEIÇÃO DO TOCANTINS - ARRAIAS | J45: Roçada / Caiação de EDS e pontes | K45: ='REGIÃO 13 - HISTÓRICO'!E45 -> 47211.18 | L45: ='REGIÃO 13 - HISTÓRICO'!I45 -> Concluída
B46: ='REGIÃO 13 - HISTÓRICO'!B31 -> 0 | C46: R13 | D46: =_xlfn.XLOOKUP(tbResumoR13[[#This Row],[REGIÃO]],tbRegioes[Código Região],tbRegioes[Contrato],"") -> 051.2024 | E46: ='REGIÃO 13 - HISTÓRICO'!C46 -> 115 | F46: Maio | G46: ='REGIÃO 13 - HISTÓRICO'!D46 -> mai/jun/jul | H46: 254 | I46: =IF(tbResumoR13[[#This Row],[N° TRECHO]]="","",IFERROR(INDEX(Tabela6[TRECHO],MATCH(tbResumoR13[[#This Row],[N° TRECHO]],Tabela6[NÚMERO TRECHO],0)),IFERROR(INDEX(Tabela7[TRECHO],MATCH(tbResumoR13[[#This Row],[N° TRECHO]],Tabela7[NÚMERO TRECHO],0)),IFERROR(INDEX(Tabela8[TRECHO],MATCH(tbResumoR13[[#This Row],[N° TRECHO]],Tabela8[NÚMERO TRECHO],0)),"Trecho não cadastrado")))) -> RODOVIA TO-110 - TRECHO COMBINADO - NOVO ALEGRE - DIVISA TO-GO | J46: Roçada / Caiação de EDS e pontes | K46: ='REGIÃO 13 - HISTÓRICO'!E46 -> 7303.59 | L46: ='REGIÃO 13 - HISTÓRICO'!I46 -> Concluída
B47: ='REGIÃO 13 - HISTÓRICO'!B32 -> 0 | C47: R13 | D47: =_xlfn.XLOOKUP(tbResumoR13[[#This Row],[REGIÃO]],tbRegioes[Código Região],tbRegioes[Contrato],"") -> 051.2024 | E47: ='REGIÃO 13 - HISTÓRICO'!C47 -> 116 | F47: Maio | G47: ='REGIÃO 13 - HISTÓRICO'!D47 -> mai/jun | H47: 257 | I47: =IF(tbResumoR13[[#This Row],[N° TRECHO]]="","",IFERROR(INDEX(Tabela6[TRECHO],MATCH(tbResumoR13[[#This Row],[N° TRECHO]],Tabela6[NÚMERO TRECHO],0)),IFERROR(INDEX(Tabela7[TRECHO],MATCH(tbResumoR13[[#This Row],[N° TRECHO]],Tabela7[NÚMERO TRECHO],0)),IFERROR(INDEX(Tabela8[TRECHO],MATCH(tbResumoR13[[#This Row],[N° TRECHO]],Tabela8[NÚMERO TRECHO],0)),"Trecho não cadastrado")))) -> RODOVIA TO-110 - TRECHO LAVANDEIRA - COMBINADO | J47: Roçada / Caiação de EDS e pontes | K47: ='REGIÃO 13 - HISTÓRICO'!E47 -> 2939.67 | L47: ='REGIÃO 13 - HISTÓRICO'!I47 -> Concluída
B48: ='REGIÃO 13 - HISTÓRICO'!B33 -> 0 | C48: R13 | D48: =_xlfn.XLOOKUP(tbResumoR13[[#This Row],[REGIÃO]],tbRegioes[Código Região],tbRegioes[Contrato],"") -> 051.2024 | E48: ='REGIÃO 13 - HISTÓRICO'!C48 -> 117 | F48: Maio | G48: ='REGIÃO 13 - HISTÓRICO'!D48 -> mai/jun/jul | H48: 249 | I48: =IF(tbResumoR13[[#This Row],[N° TRECHO]]="","",IFERROR(INDEX(Tabela6[TRECHO],MATCH(tbResumoR13[[#This Row],[N° TRECHO]],Tabela6[NÚMERO TRECHO],0)),IFERROR(INDEX(Tabela7[TRECHO],MATCH(tbResumoR13[[#This Row],[N° TRECHO]],Tabela7[NÚMERO TRECHO],0)),IFERROR(INDEX(Tabela8[TRECHO],MATCH(tbResumoR13[[#This Row],[N° TRECHO]],Tabela8[NÚMERO TRECHO],0)),"Trecho não cadastrado")))) -> RODOVIA TO-040 - TRECHO PORTO ALEGRE DO TOCANTINS - DIANÓPOLIS | J48: Roçada / Caiação de EDS e pontes | K48: ='REGIÃO 13 - HISTÓRICO'!E48 -> 15577.24 | L48: ='REGIÃO 13 - HISTÓRICO'!I48 -> Concluída
B49: ='REGIÃO 13 - HISTÓRICO'!B34 -> 0 | C49: R13 | D49: =_xlfn.XLOOKUP(tbResumoR13[[#This Row],[REGIÃO]],tbRegioes[Código Região],tbRegioes[Contrato],"") -> 051.2024 | E49: ='REGIÃO 13 - HISTÓRICO'!C49 -> 118 | F49: Maio | G49: ='REGIÃO 13 - HISTÓRICO'!D49 -> mai/jun/jul | H49: 246 | I49: =IF(tbResumoR13[[#This Row],[N° TRECHO]]="","",IFERROR(INDEX(Tabela6[TRECHO],MATCH(tbResumoR13[[#This Row],[N° TRECHO]],Tabela6[NÚMERO TRECHO],0)),IFERROR(INDEX(Tabela7[TRECHO],MATCH(tbResumoR13[[#This Row],[N° TRECHO]],Tabela7[NÚMERO TRECHO],0)),IFERROR(INDEX(Tabela8[TRECHO],MATCH(tbResumoR13[[#This Row],[N° TRECHO]],Tabela8[NÚMERO TRECHO],0)),"Trecho não cadastrado")))) -> RODOVIA TO-040 - TRECHO ALMAS - PORTO ALEGRE DO TOCANTINS | J49: Roçada / Tapa-Buraco PMF | K49: ='REGIÃO 13 - HISTÓRICO'!E49 -> 59112.09 | L49: ='REGIÃO 13 - HISTÓRICO'!I49 -> Concluída
B50: ='REGIÃO 13 - HISTÓRICO'!B35 -> 0 | C50: R13 | D50: =_xlfn.XLOOKUP(tbResumoR13[[#This Row],[REGIÃO]],tbRegioes[Código Região],tbRegioes[Contrato],"") -> 051.2024 | E50: ='REGIÃO 13 - HISTÓRICO'!C50 -> 119 | F50: Maio | G50: ='REGIÃO 13 - HISTÓRICO'!D50 -> mai/jun/jul | H50: 247 | I50: =IF(tbResumoR13[[#This Row],[N° TRECHO]]="","",IFERROR(INDEX(Tabela6[TRECHO],MATCH(tbResumoR13[[#This Row],[N° TRECHO]],Tabela6[NÚMERO TRECHO],0)),IFERROR(INDEX(Tabela7[TRECHO],MATCH(tbResumoR13[[#This Row],[N° TRECHO]],Tabela7[NÚMERO TRECHO],0)),IFERROR(INDEX(Tabela8[TRECHO],MATCH(tbResumoR13[[#This Row],[N° TRECHO]],Tabela8[NÚMERO TRECHO],0)),"Trecho não cadastrado")))) -> RODOVIA TO-040 - TRECHO DIANÓPOLIS - NOVO JARDIM | J50: Tapa-Buraco PMF / Remendo Profundo | K50: ='REGIÃO 13 - HISTÓRICO'!E50 -> 175856.52 | L50: ='REGIÃO 13 - HISTÓRICO'!I50 -> Concluída
B51: ='REGIÃO 13 - HISTÓRICO'!B26 -> 0 | C51: R13 | D51: =_xlfn.XLOOKUP(tbResumoR13[[#This Row],[REGIÃO]],tbRegioes[Código Região],tbRegioes[Contrato],"") -> 051.2024 | E51: ='REGIÃO 13 - HISTÓRICO'!C51 -> 120 | F51: Junho | G51: ='REGIÃO 13 - HISTÓRICO'!D51 -> jun/jul/ago | H51: 251 | I51: =IF(tbResumoR13[[#This Row],[N° TRECHO]]="","",IFERROR(INDEX(Tabela6[TRECHO],MATCH(tbResumoR13[[#This Row],[N° TRECHO]],Tabela6[NÚMERO TRECHO],0)),IFERROR(INDEX(Tabela7[TRECHO],MATCH(tbResumoR13[[#This Row],[N° TRECHO]],Tabela7[NÚMERO TRECHO],0)),IFERROR(INDEX(Tabela8[TRECHO],MATCH(tbResumoR13[[#This Row],[N° TRECHO]],Tabela8[NÚMERO TRECHO],0)),"Trecho não cadastrado")))) -> RODOVIA TO-050 - TRECHO CONCEIÇÃO DO TOCANTINS - ARRAIAS | J51: Tapa-Buraco PMF / Recomposição manual de aterro / Enrocamento de pedra jogada / Reparo EDS / Caiação de EDS e pontes | K51: ='REGIÃO 13 - HISTÓRICO'!E51 -> 87575.96 | L51: ='REGIÃO 13 - HISTÓRICO'!I51 -> Concluída
B52: ='REGIÃO 13 - HISTÓRICO'!B73 -> 70 | C52: R13 | D52: =_xlfn.XLOOKUP(tbResumoR13[[#This Row],[REGIÃO]],tbRegioes[Código Região],tbRegioes[Contrato],"") -> 051.2024 | E52: ='REGIÃO 13 - HISTÓRICO'!C52 -> 121 | F52: Maio | G52: ='REGIÃO 13 - HISTÓRICO'!D52 -> mai/jun/jul | H52: 266 | I52: =IF(tbResumoR13[[#This Row],[N° TRECHO]]="","",IFERROR(INDEX(Tabela6[TRECHO],MATCH(tbResumoR13[[#This Row],[N° TRECHO]],Tabela6[NÚMERO TRECHO],0)),IFERROR(INDEX(Tabela7[TRECHO],MATCH(tbResumoR13[[#This Row],[N° TRECHO]],Tabela7[NÚMERO TRECHO],0)),IFERROR(INDEX(Tabela8[TRECHO],MATCH(tbResumoR13[[#This Row],[N° TRECHO]],Tabela8[NÚMERO TRECHO],0)),"Trecho não cadastrado")))) -> RODOVIA TO-476 - TRECHO RIO DA CONCEIÇÃO - DIANÓPOLIS | J52: Roçada / Tapa-Buraco PMF / Recomposição manual de aterro / Enrocamento de pedra arrumada / Reparo EDS / Caiação de EDS e pontes | K52: ='REGIÃO 13 - HISTÓRICO'!E52 -> 100565.04 | L52: ='REGIÃO 13 - HISTÓRICO'!I52 -> Concluída
B53: ='REGIÃO 13 - HISTÓRICO'!B74 -> 71 | C53: R13 | D53: =_xlfn.XLOOKUP(tbResumoR13[[#This Row],[REGIÃO]],tbRegioes[Código Região],tbRegioes[Contrato],"") -> 051.2024 | E53: ='REGIÃO 13 - HISTÓRICO'!C53 -> 122 | F53: Maio | G53: ='REGIÃO 13 - HISTÓRICO'!D53 -> mai/jun/jul | H53: 265 | I53: =IF(tbResumoR13[[#This Row],[N° TRECHO]]="","",IFERROR(INDEX(Tabela6[TRECHO],MATCH(tbResumoR13[[#This Row],[N° TRECHO]],Tabela6[NÚMERO TRECHO],0)),IFERROR(INDEX(Tabela7[TRECHO],MATCH(tbResumoR13[[#This Row],[N° TRECHO]],Tabela7[NÚMERO TRECHO],0)),IFERROR(INDEX(Tabela8[TRECHO],MATCH(tbResumoR13[[#This Row],[N° TRECHO]],Tabela8[NÚMERO TRECHO],0)),"Trecho não cadastrado")))) -> RODOVIA TO-387 - TRECHO ENTR. TO-040 - TAIPAS DO TOCANTINS | J53: Terraplenagem / Execução de BSTC 100 / Recomposição do revestimento primário | K53: ='REGIÃO 13 - HISTÓRICO'!E53 -> 1195633.1 | L53: ='REGIÃO 13 - HISTÓRICO'!I53 -> Concluída
B54: ='REGIÃO 13 - HISTÓRICO'!B83 -> 80 | C54: R13 | D54: =_xlfn.XLOOKUP(tbResumoR13[[#This Row],[REGIÃO]],tbRegioes[Código Região],tbRegioes[Contrato],"") -> 051.2024 | E54: ='REGIÃO 13 - HISTÓRICO'!C54 -> 123 | F54: Maio | G54: ='REGIÃO 13 - HISTÓRICO'!D54 -> mai/jun/jul | H54: 245 | I54: =IF(tbResumoR13[[#This Row],[N° TRECHO]]="","",IFERROR(INDEX(Tabela6[TRECHO],MATCH(tbResumoR13[[#This Row],[N° TRECHO]],Tabela6[NÚMERO TRECHO],0)),IFERROR(INDEX(Tabela7[TRECHO],MATCH(tbResumoR13[[#This Row],[N° TRECHO]],Tabela7[NÚMERO TRECHO],0)),IFERROR(INDEX(Tabela8[TRECHO],MATCH(tbResumoR13[[#This Row],[N° TRECHO]],Tabela8[NÚMERO TRECHO],0)),"Trecho não cadastrado")))) -> RODOVIA TO-040 - TRECHO ENTR. TO-369 - ENTR. TO-280 (ALMAS) | J54: Terraplenagem / Reconformação da plataforma / Recomposição do revestimento primário | K54: ='REGIÃO 13 - HISTÓRICO'!E54 -> 756922.17 | L54: ='REGIÃO 13 - HISTÓRICO'!I54 -> Concluída
B55: ='REGIÃO 13 - HISTÓRICO'!B55 -> 0 | C55: R13 | D55: =_xlfn.XLOOKUP(tbResumoR13[[#This Row],[REGIÃO]],tbRegioes[Código Região],tbRegioes[Contrato],"") -> 051.2024 | E55: ='REGIÃO 13 - HISTÓRICO'!C55 -> 124 | F55: Junho | G55: ='REGIÃO 13 - HISTÓRICO'!D55 -> jun/jul/ago | H55: 247 | I55: =IF(tbResumoR13[[#This Row],[N° TRECHO]]="","",IFERROR(INDEX(Tabela6[TRECHO],MATCH(tbResumoR13[[#This Row],[N° TRECHO]],Tabela6[NÚMERO TRECHO],0)),IFERROR(INDEX(Tabela7[TRECHO],MATCH(tbResumoR13[[#This Row],[N° TRECHO]],Tabela7[NÚMERO TRECHO],0)),IFERROR(INDEX(Tabela8[TRECHO],MATCH(tbResumoR13[[#This Row],[N° TRECHO]],Tabela8[NÚMERO TRECHO],0)),"Trecho não cadastrado")))) -> RODOVIA TO-040 - TRECHO DIANÓPOLIS - NOVO JARDIM | J55: Roçada / Tapa-Buraco PMF / Caiação de EDS e pontes | K55: ='REGIÃO 13 - HISTÓRICO'!E55 -> 149397.29 | L55: ='REGIÃO 13 - HISTÓRICO'!I55 -> Concluída
B56: ='REGIÃO 13 - HISTÓRICO'!B56 -> 0 | C56: R13 | D56: =_xlfn.XLOOKUP(tbResumoR13[[#This Row],[REGIÃO]],tbRegioes[Código Região],tbRegioes[Contrato],"") -> 051.2024 | E56: ='REGIÃO 13 - HISTÓRICO'!C56 -> 125 | F56: Junho | G56: ='REGIÃO 13 - HISTÓRICO'!D56 -> jun/jul/ago | H56: 248 | I56: =IF(tbResumoR13[[#This Row],[N° TRECHO]]="","",IFERROR(INDEX(Tabela6[TRECHO],MATCH(tbResumoR13[[#This Row],[N° TRECHO]],Tabela6[NÚMERO TRECHO],0)),IFERROR(INDEX(Tabela7[TRECHO],MATCH(tbResumoR13[[#This Row],[N° TRECHO]],Tabela7[NÚMERO TRECHO],0)),IFERROR(INDEX(Tabela8[TRECHO],MATCH(tbResumoR13[[#This Row],[N° TRECHO]],Tabela8[NÚMERO TRECHO],0)),"Trecho não cadastrado")))) -> RODOVIA TO-040 - TRECHO NOVO JARDIM - DIVISA TO-BA | J56: Roçada / Tapa-Buraco PMF / Caiação de EDS e pontes | K56: ='REGIÃO 13 - HISTÓRICO'!E56 -> 107878.55 | L56: ='REGIÃO 13 - HISTÓRICO'!I56 -> Concluída
B57: ='REGIÃO 13 - HISTÓRICO'!B57 -> 0 | C57: R13 | D57: =_xlfn.XLOOKUP(tbResumoR13[[#This Row],[REGIÃO]],tbRegioes[Código Região],tbRegioes[Contrato],"") -> 051.2024 | E57: ='REGIÃO 13 - HISTÓRICO'!C57 -> 126 | F57: Junho | G57: ='REGIÃO 13 - HISTÓRICO'!D57 -> jun/jul/ago | H57: 255 | I57: =IF(tbResumoR13[[#This Row],[N° TRECHO]]="","",IFERROR(INDEX(Tabela6[TRECHO],MATCH(tbResumoR13[[#This Row],[N° TRECHO]],Tabela6[NÚMERO TRECHO],0)),IFERROR(INDEX(Tabela7[TRECHO],MATCH(tbResumoR13[[#This Row],[N° TRECHO]],Tabela7[NÚMERO TRECHO],0)),IFERROR(INDEX(Tabela8[TRECHO],MATCH(tbResumoR13[[#This Row],[N° TRECHO]],Tabela8[NÚMERO TRECHO],0)),"Trecho não cadastrado")))) -> RODOVIA TO-110 - TRECHO ENTR. TO-040 (DIANÓPOLIS) - DIVISA TO-BA (GARGANTA) | J57: Roçada / Tapa-Buraco PMF / Caiação de EDS e pontes | K57: ='REGIÃO 13 - HISTÓRICO'!E57 -> 46047.78 | L57: ='REGIÃO 13 - HISTÓRICO'!I57 -> Concluída
B58: ='REGIÃO 13 - HISTÓRICO'!B58 -> 0 | C58: R13 | D58: =_xlfn.XLOOKUP(tbResumoR13[[#This Row],[REGIÃO]],tbRegioes[Código Região],tbRegioes[Contrato],"") -> 051.2024 | E58: ='REGIÃO 13 - HISTÓRICO'!C58 -> 127 | F58: Junho | G58: ='REGIÃO 13 - HISTÓRICO'!D58 -> jun/jul/ago | H58: 249 | I58: =IF(tbResumoR13[[#This Row],[N° TRECHO]]="","",IFERROR(INDEX(Tabela6[TRECHO],MATCH(tbResumoR13[[#This Row],[N° TRECHO]],Tabela6[NÚMERO TRECHO],0)),IFERROR(INDEX(Tabela7[TRECHO],MATCH(tbResumoR13[[#This Row],[N° TRECHO]],Tabela7[NÚMERO TRECHO],0)),IFERROR(INDEX(Tabela8[TRECHO],MATCH(tbResumoR13[[#This Row],[N° TRECHO]],Tabela8[NÚMERO TRECHO],0)),"Trecho não cadastrado")))) -> RODOVIA TO-040 - TRECHO PORTO ALEGRE DO TOCANTINS - DIANÓPOLIS | J58: Tapa-Buraco PMF | K58: ='REGIÃO 13 - HISTÓRICO'!E58 -> 41401.66 | L58: ='REGIÃO 13 - HISTÓRICO'!I58 -> Concluída
B59: ='REGIÃO 13 - HISTÓRICO'!B59 -> 0 | C59: R13 | D59: =_xlfn.XLOOKUP(tbResumoR13[[#This Row],[REGIÃO]],tbRegioes[Código Região],tbRegioes[Contrato],"") -> 051.2024 | E59: ='REGIÃO 13 - HISTÓRICO'!C59 -> 128 | F59: Junho | G59: ='REGIÃO 13 - HISTÓRICO'!D59 -> jun/jul/ago | H59: 266 | I59: =IF(tbResumoR13[[#This Row],[N° TRECHO]]="","",IFERROR(INDEX(Tabela6[TRECHO],MATCH(tbResumoR13[[#This Row],[N° TRECHO]],Tabela6[NÚMERO TRECHO],0)),IFERROR(INDEX(Tabela7[TRECHO],MATCH(tbResumoR13[[#This Row],[N° TRECHO]],Tabela7[NÚMERO TRECHO],0)),IFERROR(INDEX(Tabela8[TRECHO],MATCH(tbResumoR13[[#This Row],[N° TRECHO]],Tabela8[NÚMERO TRECHO],0)),"Trecho não cadastrado")))) -> RODOVIA TO-476 - TRECHO RIO DA CONCEIÇÃO - DIANÓPOLIS | J59: Tapa-Buraco PMF / Recomposição manual de aterro / Enrocamento de pedra arrumada / Reparo EDS | K59: ='REGIÃO 13 - HISTÓRICO'!E59 -> 159130.31 | L59: ='REGIÃO 13 - HISTÓRICO'!I59 -> Concluída
B60: ='REGIÃO 13 - HISTÓRICO'!B60 -> 0 | C60: R13 | D60: =_xlfn.XLOOKUP(tbResumoR13[[#This Row],[REGIÃO]],tbRegioes[Código Região],tbRegioes[Contrato],"") -> 051.2024 | E60: ='REGIÃO 13 - HISTÓRICO'!C60 -> 129 | F60: Setembro | G60: ='REGIÃO 13 - HISTÓRICO'!D60 -> set/out | H60: 264 | I60: =IF(tbResumoR13[[#This Row],[N° TRECHO]]="","",IFERROR(INDEX(Tabela6[TRECHO],MATCH(tbResumoR13[[#This Row],[N° TRECHO]],Tabela6[NÚMERO TRECHO],0)),IFERROR(INDEX(Tabela7[TRECHO],MATCH(tbResumoR13[[#This Row],[N° TRECHO]],Tabela7[NÚMERO TRECHO],0)),IFERROR(INDEX(Tabela8[TRECHO],MATCH(tbResumoR13[[#This Row],[N° TRECHO]],Tabela8[NÚMERO TRECHO],0)),"Trecho não cadastrado")))) -> RODOVIA TO-387 - TRECHO ENTR. BR-010 - ENTR. TO-050 (CONCEIÇÃO DO TOCANTINS) | J60: Reconformação da plataforma | K60: ='REGIÃO 13 - HISTÓRICO'!E60 -> 42064.8 | L60: ='REGIÃO 13 - HISTÓRICO'!I60 -> Em elaboração
B61: ='REGIÃO 13 - HISTÓRICO'!B61 -> 0 | C61: R13 | D61: =_xlfn.XLOOKUP(tbResumoR13[[#This Row],[REGIÃO]],tbRegioes[Código Região],tbRegioes[Contrato],"") -> 051.2024 | E61: ='REGIÃO 13 - HISTÓRICO'!C61 -> 130 | F61: Julho | G61: ='REGIÃO 13 - HISTÓRICO'!D61 -> jul/ago/set | H61: 249 | I61: =IF(tbResumoR13[[#This Row],[N° TRECHO]]="","",IFERROR(INDEX(Tabela6[TRECHO],MATCH(tbResumoR13[[#This Row],[N° TRECHO]],Tabela6[NÚMERO TRECHO],0)),IFERROR(INDEX(Tabela7[TRECHO],MATCH(tbResumoR13[[#This Row],[N° TRECHO]],Tabela7[NÚMERO TRECHO],0)),IFERROR(INDEX(Tabela8[TRECHO],MATCH(tbResumoR13[[#This Row],[N° TRECHO]],Tabela8[NÚMERO TRECHO],0)),"Trecho não cadastrado")))) -> RODOVIA TO-040 - TRECHO PORTO ALEGRE DO TOCANTINS - DIANÓPOLIS | J61: Tapa-Buraco PMF | K61: ='REGIÃO 13 - HISTÓRICO'!E61 -> 98704.7 | L61: ='REGIÃO 13 - HISTÓRICO'!I61 -> Concluída
B62: ='REGIÃO 13 - HISTÓRICO'!B62 -> 0 | C62: R13 | D62: =_xlfn.XLOOKUP(tbResumoR13[[#This Row],[REGIÃO]],tbRegioes[Código Região],tbRegioes[Contrato],"") -> 051.2024 | E62: ='REGIÃO 13 - HISTÓRICO'!C62 -> 131 | F62: Julho | G62: ='REGIÃO 13 - HISTÓRICO'!D62 -> jul/ago/set | H62: 260 | I62: =IF(tbResumoR13[[#This Row],[N° TRECHO]]="","",IFERROR(INDEX(Tabela6[TRECHO],MATCH(tbResumoR13[[#This Row],[N° TRECHO]],Tabela6[NÚMERO TRECHO],0)),IFERROR(INDEX(Tabela7[TRECHO],MATCH(tbResumoR13[[#This Row],[N° TRECHO]],Tabela7[NÚMERO TRECHO],0)),IFERROR(INDEX(Tabela8[TRECHO],MATCH(tbResumoR13[[#This Row],[N° TRECHO]],Tabela8[NÚMERO TRECHO],0)),"Trecho não cadastrado")))) -> RODOVIA TO-296 - TRECHO ENTR. TO-050 - ENTR. TO-110 (COMBINADO) | J62: Reconformação da plataforma | K62: ='REGIÃO 13 - HISTÓRICO'!E62 -> 56637 | L62: ='REGIÃO 13 - HISTÓRICO'!I62 -> Justificada | M62: Ressalta-se a liberação apenas do serviço de reconformação da plataforma, conforme memória de cálculo e diagrama linear.
B63: ='REGIÃO 13 - HISTÓRICO'!B55 -> 0 | C63: R13 | D63: =_xlfn.XLOOKUP(tbResumoR13[[#This Row],[REGIÃO]],tbRegioes[Código Região],tbRegioes[Contrato],"") -> 051.2024 | E63: ='REGIÃO 13 - HISTÓRICO'!C63 -> 132 | F63: Julho | G63: ='REGIÃO 13 - HISTÓRICO'!D63 -> jul/ago/set | H63: 272 | I63: =IF(tbResumoR13[[#This Row],[N° TRECHO]]="","",IFERROR(INDEX(Tabela6[TRECHO],MATCH(tbResumoR13[[#This Row],[N° TRECHO]],Tabela6[NÚMERO TRECHO],0)),IFERROR(INDEX(Tabela7[TRECHO],MATCH(tbResumoR13[[#This Row],[N° TRECHO]],Tabela7[NÚMERO TRECHO],0)),IFERROR(INDEX(Tabela8[TRECHO],MATCH(tbResumoR13[[#This Row],[N° TRECHO]],Tabela8[NÚMERO TRECHO],0)),"Trecho não cadastrado")))) -> RODOVIA TO-497 - TRECHO ENTR. BR-242 - ENTR. TO-296 (POVOADO JACARÉ) | J63: Reconformação da plataforma / Recomposição do revestimento primário | K63: ='REGIÃO 13 - HISTÓRICO'!E63 -> 606412.76 | L63: ='REGIÃO 13 - HISTÓRICO'!I63 -> Concluída
B64: ='REGIÃO 13 - HISTÓRICO'!B56 -> 0 | C64: R13 | D64: =_xlfn.XLOOKUP(tbResumoR13[[#This Row],[REGIÃO]],tbRegioes[Código Região],tbRegioes[Contrato],"") -> 051.2024 | E64: ='REGIÃO 13 - HISTÓRICO'!C64 -> 133 | F64: Setembro | G64: ='REGIÃO 13 - HISTÓRICO'!D64 -> set/out | H64: 261 | I64: =IF(tbResumoR13[[#This Row],[N° TRECHO]]="","",IFERROR(INDEX(Tabela6[TRECHO],MATCH(tbResumoR13[[#This Row],[N° TRECHO]],Tabela6[NÚMERO TRECHO],0)),IFERROR(INDEX(Tabela7[TRECHO],MATCH(tbResumoR13[[#This Row],[N° TRECHO]],Tabela7[NÚMERO TRECHO],0)),IFERROR(INDEX(Tabela8[TRECHO],MATCH(tbResumoR13[[#This Row],[N° TRECHO]],Tabela8[NÚMERO TRECHO],0)),"Trecho não cadastrado")))) -> RODOVIA TO-296 - TRECHO ENTR. BR-242 (POVOADO SÃO BOM JESUS DAS PALMAS) - ENTR. TO-050 | J64: Reconformação da plataforma | K64: ='REGIÃO 13 - HISTÓRICO'!E64 -> 49898.4 | L64: ='REGIÃO 13 - HISTÓRICO'!I64 -> Justificada
B65: ='REGIÃO 13 - HISTÓRICO'!B57 -> 0 | C65: R13 | D65: =_xlfn.XLOOKUP(tbResumoR13[[#This Row],[REGIÃO]],tbRegioes[Código Região],tbRegioes[Contrato],"") -> 051.2024 | E65: ='REGIÃO 13 - HISTÓRICO'!C65 -> 134 | F65: Julho | G65: ='REGIÃO 13 - HISTÓRICO'!D65 -> jun/jul/ago | H65: 269 | I65: =IF(tbResumoR13[[#This Row],[N° TRECHO]]="","",IFERROR(INDEX(Tabela6[TRECHO],MATCH(tbResumoR13[[#This Row],[N° TRECHO]],Tabela6[NÚMERO TRECHO],0)),IFERROR(INDEX(Tabela7[TRECHO],MATCH(tbResumoR13[[#This Row],[N° TRECHO]],Tabela7[NÚMERO TRECHO],0)),IFERROR(INDEX(Tabela8[TRECHO],MATCH(tbResumoR13[[#This Row],[N° TRECHO]],Tabela8[NÚMERO TRECHO],0)),"Trecho não cadastrado")))) -> RODOVIA TO-477 - TRECHO ENTR. BR-010 (POVOADO BONFIM) - ALMAS | J65: Reconformação da plataforma | K65: ='REGIÃO 13 - HISTÓRICO'!E65 -> 79209 | L65: ='REGIÃO 13 - HISTÓRICO'!I65 -> Concluída
B66: ='REGIÃO 13 - HISTÓRICO'!B58 -> 0 | C66: R13 | D66: =_xlfn.XLOOKUP(tbResumoR13[[#This Row],[REGIÃO]],tbRegioes[Código Região],tbRegioes[Contrato],"") -> 051.2024 | E66: ='REGIÃO 13 - HISTÓRICO'!C66 -> 135 | F66: Julho | G66: ='REGIÃO 13 - HISTÓRICO'!D66 -> jul/ago/set | H66: 251 | I66: =IF(tbResumoR13[[#This Row],[N° TRECHO]]="","",IFERROR(INDEX(Tabela6[TRECHO],MATCH(tbResumoR13[[#This Row],[N° TRECHO]],Tabela6[NÚMERO TRECHO],0)),IFERROR(INDEX(Tabela7[TRECHO],MATCH(tbResumoR13[[#This Row],[N° TRECHO]],Tabela7[NÚMERO TRECHO],0)),IFERROR(INDEX(Tabela8[TRECHO],MATCH(tbResumoR13[[#This Row],[N° TRECHO]],Tabela8[NÚMERO TRECHO],0)),"Trecho não cadastrado")))) -> RODOVIA TO-050 - TRECHO CONCEIÇÃO DO TOCANTINS - ARRAIAS | J66: Tapa-Buraco PMF / Recomposição manual de aterro / Enrocamento de pedra arrumada / Reparo EDS | K66: ='REGIÃO 13 - HISTÓRICO'!E66 -> 107981.74 | L66: ='REGIÃO 13 - HISTÓRICO'!I66 -> Concluída
B67: ='REGIÃO 13 - HISTÓRICO'!B59 -> 0 | C67: R13 | D67: =_xlfn.XLOOKUP(tbResumoR13[[#This Row],[REGIÃO]],tbRegioes[Código Região],tbRegioes[Contrato],"") -> 051.2024 | E67: ='REGIÃO 13 - HISTÓRICO'!C67 -> 136 | F67: Setembro | G67: ='REGIÃO 13 - HISTÓRICO'!D67 -> set/out/nov | H67: 245 | I67: =IF(tbResumoR13[[#This Row],[N° TRECHO]]="","",IFERROR(INDEX(Tabela6[TRECHO],MATCH(tbResumoR13[[#This Row],[N° TRECHO]],Tabela6[NÚMERO TRECHO],0)),IFERROR(INDEX(Tabela7[TRECHO],MATCH(tbResumoR13[[#This Row],[N° TRECHO]],Tabela7[NÚMERO TRECHO],0)),IFERROR(INDEX(Tabela8[TRECHO],MATCH(tbResumoR13[[#This Row],[N° TRECHO]],Tabela8[NÚMERO TRECHO],0)),"Trecho não cadastrado")))) -> RODOVIA TO-040 - TRECHO ENTR. TO-369 - ENTR. TO-280 (ALMAS) | J67: Terraplenagem / Execução de BSTC 100 / Reconformação da plataforma | K67: ='REGIÃO 13 - HISTÓRICO'!E67 -> 322716.33 | L67: ='REGIÃO 13 - HISTÓRICO'!I67 -> Análise Gestor
B68: ='REGIÃO 13 - HISTÓRICO'!B60 -> 0 | C68: R13 | D68: =_xlfn.XLOOKUP(tbResumoR13[[#This Row],[REGIÃO]],tbRegioes[Código Região],tbRegioes[Contrato],"") -> 051.2024 | E68: ='REGIÃO 13 - HISTÓRICO'!C68 -> 137 | F68: Julho | G68: ='REGIÃO 13 - HISTÓRICO'!D68 -> jul/ago/set | H68: 251 | I68: =IF(tbResumoR13[[#This Row],[N° TRECHO]]="","",IFERROR(INDEX(Tabela6[TRECHO],MATCH(tbResumoR13[[#This Row],[N° TRECHO]],Tabela6[NÚMERO TRECHO],0)),IFERROR(INDEX(Tabela7[TRECHO],MATCH(tbResumoR13[[#This Row],[N° TRECHO]],Tabela7[NÚMERO TRECHO],0)),IFERROR(INDEX(Tabela8[TRECHO],MATCH(tbResumoR13[[#This Row],[N° TRECHO]],Tabela8[NÚMERO TRECHO],0)),"Trecho não cadastrado")))) -> RODOVIA TO-050 - TRECHO CONCEIÇÃO DO TOCANTINS - ARRAIAS | J68: Tapa-Buraco PMF | K68: ='REGIÃO 13 - HISTÓRICO'!E68 -> 245722.63 | L68: ='REGIÃO 13 - HISTÓRICO'!I68 -> Concluída
B69: ='REGIÃO 13 - HISTÓRICO'!B69 -> 0 | C69: R13 | D69: =_xlfn.XLOOKUP(tbResumoR13[[#This Row],[REGIÃO]],tbRegioes[Código Região],tbRegioes[Contrato],"") -> 051.2024 | E69: ='REGIÃO 13 - HISTÓRICO'!C69 -> 138 | F69: Julho | G69: ='REGIÃO 13 - HISTÓRICO'!D69 -> jul/ago/set | H69: 259 | I69: =IF(tbResumoR13[[#This Row],[N° TRECHO]]="","",IFERROR(INDEX(Tabela6[TRECHO],MATCH(tbResumoR13[[#This Row],[N° TRECHO]],Tabela6[NÚMERO TRECHO],0)),IFERROR(INDEX(Tabela7[TRECHO],MATCH(tbResumoR13[[#This Row],[N° TRECHO]],Tabela7[NÚMERO TRECHO],0)),IFERROR(INDEX(Tabela8[TRECHO],MATCH(tbResumoR13[[#This Row],[N° TRECHO]],Tabela8[NÚMERO TRECHO],0)),"Trecho não cadastrado")))) -> RODOVIA TO-110 - TRECHO TAGUATINGA - AURORA DO TOCANTINS | J69: Roçada / Tapa-Buraco PMF / Caiação de EDS e pontes | K69: ='REGIÃO 13 - HISTÓRICO'!E69 -> 107300.67 | L69: ='REGIÃO 13 - HISTÓRICO'!I69 -> Concluída
B70: ='REGIÃO 13 - HISTÓRICO'!B70 -> 0 | C70: R13 | D70: =_xlfn.XLOOKUP(tbResumoR13[[#This Row],[REGIÃO]],tbRegioes[Código Região],tbRegioes[Contrato],"") -> 051.2024 | E70: ='REGIÃO 13 - HISTÓRICO'!C70 -> 139 | F70: Julho | G70: ='REGIÃO 13 - HISTÓRICO'!D70 -> jul/ago/set | H70: 258 | I70: =IF(tbResumoR13[[#This Row],[N° TRECHO]]="","",IFERROR(INDEX(Tabela6[TRECHO],MATCH(tbResumoR13[[#This Row],[N° TRECHO]],Tabela6[NÚMERO TRECHO],0)),IFERROR(INDEX(Tabela7[TRECHO],MATCH(tbResumoR13[[#This Row],[N° TRECHO]],Tabela7[NÚMERO TRECHO],0)),IFERROR(INDEX(Tabela8[TRECHO],MATCH(tbResumoR13[[#This Row],[N° TRECHO]],Tabela8[NÚMERO TRECHO],0)),"Trecho não cadastrado")))) -> RODOVIA TO-110 - TRECHO PONTE ALTA DO BOM JESUS - ENTR. BR-242(TAGUATINGA) | J70: Roçada / Tapa-Buraco PMF / Caiação de EDS e pontes | K70: ='REGIÃO 13 - HISTÓRICO'!E70 -> 91034.06 | L70: ='REGIÃO 13 - HISTÓRICO'!I70 -> Concluída
B71: ='REGIÃO 13 - HISTÓRICO'!B71 -> 68 | C71: R13 | D71: =_xlfn.XLOOKUP(tbResumoR13[[#This Row],[REGIÃO]],tbRegioes[Código Região],tbRegioes[Contrato],"") -> 051.2024 | E71: ='REGIÃO 13 - HISTÓRICO'!C71 -> 140 | F71: Julho | G71: ='REGIÃO 13 - HISTÓRICO'!D71 -> jul/ago/set | H71: 256 | I71: =IF(tbResumoR13[[#This Row],[N° TRECHO]]="","",IFERROR(INDEX(Tabela6[TRECHO],MATCH(tbResumoR13[[#This Row],[N° TRECHO]],Tabela6[NÚMERO TRECHO],0)),IFERROR(INDEX(Tabela7[TRECHO],MATCH(tbResumoR13[[#This Row],[N° TRECHO]],Tabela7[NÚMERO TRECHO],0)),IFERROR(INDEX(Tabela8[TRECHO],MATCH(tbResumoR13[[#This Row],[N° TRECHO]],Tabela8[NÚMERO TRECHO],0)),"Trecho não cadastrado")))) -> RODOVIA TO-110 - TRECHO ENTR. TO-040 - PONTE ALTA DO BOM JESUS | J71: Roçada / Tapa-Buraco PMF / Caiação de EDS e pontes | K71: ='REGIÃO 13 - HISTÓRICO'!E71 -> 100136.05 | L71: ='REGIÃO 13 - HISTÓRICO'!I71 -> Concluída
B72: ='REGIÃO 13 - HISTÓRICO'!B72 -> 69 | C72: R13 | D72: =_xlfn.XLOOKUP(tbResumoR13[[#This Row],[REGIÃO]],tbRegioes[Código Região],tbRegioes[Contrato],"") -> 051.2024 | E72: ='REGIÃO 13 - HISTÓRICO'!C72 -> 141 | F72: Julho | G72: ='REGIÃO 13 - HISTÓRICO'!D72 -> jul/ago/set | H72: 257 | I72: =IF(tbResumoR13[[#This Row],[N° TRECHO]]="","",IFERROR(INDEX(Tabela6[TRECHO],MATCH(tbResumoR13[[#This Row],[N° TRECHO]],Tabela6[NÚMERO TRECHO],0)),IFERROR(INDEX(Tabela7[TRECHO],MATCH(tbResumoR13[[#This Row],[N° TRECHO]],Tabela7[NÚMERO TRECHO],0)),IFERROR(INDEX(Tabela8[TRECHO],MATCH(tbResumoR13[[#This Row],[N° TRECHO]],Tabela8[NÚMERO TRECHO],0)),"Trecho não cadastrado")))) -> RODOVIA TO-110 - TRECHO LAVANDEIRA - COMBINADO | J72: Roçada / Tapa-Buraco PMF | K72: ='REGIÃO 13 - HISTÓRICO'!E72 -> 21439.75 | L72: ='REGIÃO 13 - HISTÓRICO'!I72 -> Em andamento
B73: ='REGIÃO 13 - HISTÓRICO'!B73 -> 70 | C73: R13 | D73: =_xlfn.XLOOKUP(tbResumoR13[[#This Row],[REGIÃO]],tbRegioes[Código Região],tbRegioes[Contrato],"") -> 051.2024 | E73: ='REGIÃO 13 - HISTÓRICO'!C73 -> 142 | F73: Julho | G73: ='REGIÃO 13 - HISTÓRICO'!D73 -> jul/ago/set | H73: 253 | I73: =IF(tbResumoR13[[#This Row],[N° TRECHO]]="","",IFERROR(INDEX(Tabela6[TRECHO],MATCH(tbResumoR13[[#This Row],[N° TRECHO]],Tabela6[NÚMERO TRECHO],0)),IFERROR(INDEX(Tabela7[TRECHO],MATCH(tbResumoR13[[#This Row],[N° TRECHO]],Tabela7[NÚMERO TRECHO],0)),IFERROR(INDEX(Tabela8[TRECHO],MATCH(tbResumoR13[[#This Row],[N° TRECHO]],Tabela8[NÚMERO TRECHO],0)),"Trecho não cadastrado")))) -> RODOVIA TO-110 - TRECHO AURORA DO TOCANTINS - LAVANDEIRA | J73: Roçada / Tapa-Buraco PMF | K73: ='REGIÃO 13 - HISTÓRICO'!E73 -> 46302.31 | L73: ='REGIÃO 13 - HISTÓRICO'!I73 -> Em andamento
B74: ='REGIÃO 13 - HISTÓRICO'!B74 -> 71 | C74: R13 | D74: =_xlfn.XLOOKUP(tbResumoR13[[#This Row],[REGIÃO]],tbRegioes[Código Região],tbRegioes[Contrato],"") -> 051.2024 | E74: ='REGIÃO 13 - HISTÓRICO'!C74 -> 143 | F74: Julho | G74: ='REGIÃO 13 - HISTÓRICO'!D74 -> jul/ago/set | H74: 254 | I74: =IF(tbResumoR13[[#This Row],[N° TRECHO]]="","",IFERROR(INDEX(Tabela6[TRECHO],MATCH(tbResumoR13[[#This Row],[N° TRECHO]],Tabela6[NÚMERO TRECHO],0)),IFERROR(INDEX(Tabela7[TRECHO],MATCH(tbResumoR13[[#This Row],[N° TRECHO]],Tabela7[NÚMERO TRECHO],0)),IFERROR(INDEX(Tabela8[TRECHO],MATCH(tbResumoR13[[#This Row],[N° TRECHO]],Tabela8[NÚMERO TRECHO],0)),"Trecho não cadastrado")))) -> RODOVIA TO-110 - TRECHO COMBINADO - NOVO ALEGRE - DIVISA TO-GO | J74: Roçada / Tapa-Buraco PMF | K74: ='REGIÃO 13 - HISTÓRICO'!E74 -> 57043.47 | L74: ='REGIÃO 13 - HISTÓRICO'!I74 -> Em andamento
B75: ='REGIÃO 13 - HISTÓRICO'!B75 -> 0 | C75: R13 | D75: =_xlfn.XLOOKUP(tbResumoR13[[#This Row],[REGIÃO]],tbRegioes[Código Região],tbRegioes[Contrato],"") -> 051.2024 | E75: ='REGIÃO 13 - HISTÓRICO'!C75 -> 144 | F75: Agosto | G75: ='REGIÃO 13 - HISTÓRICO'!D75 -> ago/set/out | H75: 249 | I75: =IF(tbResumoR13[[#This Row],[N° TRECHO]]="","",IFERROR(INDEX(Tabela6[TRECHO],MATCH(tbResumoR13[[#This Row],[N° TRECHO]],Tabela6[NÚMERO TRECHO],0)),IFERROR(INDEX(Tabela7[TRECHO],MATCH(tbResumoR13[[#This Row],[N° TRECHO]],Tabela7[NÚMERO TRECHO],0)),IFERROR(INDEX(Tabela8[TRECHO],MATCH(tbResumoR13[[#This Row],[N° TRECHO]],Tabela8[NÚMERO TRECHO],0)),"Trecho não cadastrado")))) -> RODOVIA TO-040 - TRECHO PORTO ALEGRE DO TOCANTINS - DIANÓPOLIS | J75: Roçada / Caiação de EDS e pontes | K75: ='REGIÃO 13 - HISTÓRICO'!E75 -> 68167.67 | L75: ='REGIÃO 13 - HISTÓRICO'!I75 -> Em andamento
B76: ='REGIÃO 13 - HISTÓRICO'!B76 -> 0 | C76: R13 | D76: =_xlfn.XLOOKUP(tbResumoR13[[#This Row],[REGIÃO]],tbRegioes[Código Região],tbRegioes[Contrato],"") -> 051.2024 | E76: ='REGIÃO 13 - HISTÓRICO'!C76 -> 145 | F76: Julho | G76: ='REGIÃO 13 - HISTÓRICO'!D76 -> jul/ago/set | H76: 268 | I76: =IF(tbResumoR13[[#This Row],[N° TRECHO]]="","",IFERROR(INDEX(Tabela6[TRECHO],MATCH(tbResumoR13[[#This Row],[N° TRECHO]],Tabela6[NÚMERO TRECHO],0)),IFERROR(INDEX(Tabela7[TRECHO],MATCH(tbResumoR13[[#This Row],[N° TRECHO]],Tabela7[NÚMERO TRECHO],0)),IFERROR(INDEX(Tabela8[TRECHO],MATCH(tbResumoR13[[#This Row],[N° TRECHO]],Tabela8[NÚMERO TRECHO],0)),"Trecho não cadastrado")))) -> RODOVIA TO-477 - TRECHO ALMAS - ENTR. TO-476 | J76: Enrocamento de pedra arrumada / Enrocamento de pedra jogada / Terraplenagem / Reconformação da plataforma / Recomposição do revestimento primário | K76: ='REGIÃO 13 - HISTÓRICO'!E76 -> 540998.07 | L76: ='REGIÃO 13 - HISTÓRICO'!I76 -> Justificada
B77: ='REGIÃO 13 - HISTÓRICO'!B77 -> 0 | C77: R13 | D77: =_xlfn.XLOOKUP(tbResumoR13[[#This Row],[REGIÃO]],tbRegioes[Código Região],tbRegioes[Contrato],"") -> 051.2024 | E77: ='REGIÃO 13 - HISTÓRICO'!C77 -> 146 | F77: Agosto | G77: ='REGIÃO 13 - HISTÓRICO'!D77 -> ago/set/out | H77: 263 | I77: =IF(tbResumoR13[[#This Row],[N° TRECHO]]="","",IFERROR(INDEX(Tabela6[TRECHO],MATCH(tbResumoR13[[#This Row],[N° TRECHO]],Tabela6[NÚMERO TRECHO],0)),IFERROR(INDEX(Tabela7[TRECHO],MATCH(tbResumoR13[[#This Row],[N° TRECHO]],Tabela7[NÚMERO TRECHO],0)),IFERROR(INDEX(Tabela8[TRECHO],MATCH(tbResumoR13[[#This Row],[N° TRECHO]],Tabela8[NÚMERO TRECHO],0)),"Trecho não cadastrado")))) -> RODOVIA TO-387 - TRECHO CONCEIÇÃO DO TOCANTINS - TAIPAS DO TOCANTINS | J77: Roçada | K77: ='REGIÃO 13 - HISTÓRICO'!E77 -> 20730.63 | L77: ='REGIÃO 13 - HISTÓRICO'!I77 -> Concluída
B78: ='REGIÃO 13 - HISTÓRICO'!B78 -> 0 | C78: R13 | D78: =_xlfn.XLOOKUP(tbResumoR13[[#This Row],[REGIÃO]],tbRegioes[Código Região],tbRegioes[Contrato],"") -> 051.2024 | E78: ='REGIÃO 13 - HISTÓRICO'!C78 -> 147 | F78: Agosto | G78: ='REGIÃO 13 - HISTÓRICO'!D78 -> ago/set/out | H78: 265 | I78: =IF(tbResumoR13[[#This Row],[N° TRECHO]]="","",IFERROR(INDEX(Tabela6[TRECHO],MATCH(tbResumoR13[[#This Row],[N° TRECHO]],Tabela6[NÚMERO TRECHO],0)),IFERROR(INDEX(Tabela7[TRECHO],MATCH(tbResumoR13[[#This Row],[N° TRECHO]],Tabela7[NÚMERO TRECHO],0)),IFERROR(INDEX(Tabela8[TRECHO],MATCH(tbResumoR13[[#This Row],[N° TRECHO]],Tabela8[NÚMERO TRECHO],0)),"Trecho não cadastrado")))) -> RODOVIA TO-387 - TRECHO ENTR. TO-040 - TAIPAS DO TOCANTINS | J78: Reconformação da plataforma | K78: ='REGIÃO 13 - HISTÓRICO'!E78 -> 364234.92 | L78: ='REGIÃO 13 - HISTÓRICO'!I78 -> Correção Fiscal
B79: ='REGIÃO 13 - HISTÓRICO'!B79 -> 0 | C79: R13 | D79: =_xlfn.XLOOKUP(tbResumoR13[[#This Row],[REGIÃO]],tbRegioes[Código Região],tbRegioes[Contrato],"") -> 051.2024 | E79: ='REGIÃO 13 - HISTÓRICO'!C79 -> 148 | F79: Setembro | G79: ='REGIÃO 13 - HISTÓRICO'!D79 -> set/out/nov | H79: 266 | I79: =IF(tbResumoR13[[#This Row],[N° TRECHO]]="","",IFERROR(INDEX(Tabela6[TRECHO],MATCH(tbResumoR13[[#This Row],[N° TRECHO]],Tabela6[NÚMERO TRECHO],0)),IFERROR(INDEX(Tabela7[TRECHO],MATCH(tbResumoR13[[#This Row],[N° TRECHO]],Tabela7[NÚMERO TRECHO],0)),IFERROR(INDEX(Tabela8[TRECHO],MATCH(tbResumoR13[[#This Row],[N° TRECHO]],Tabela8[NÚMERO TRECHO],0)),"Trecho não cadastrado")))) -> RODOVIA TO-476 - TRECHO RIO DA CONCEIÇÃO - DIANÓPOLIS | J79: Roçada / Caiação de EDS e pontes | K79: ='REGIÃO 13 - HISTÓRICO'!E79 -> 44013.1 | L79: ='REGIÃO 13 - HISTÓRICO'!I79 -> Em elaboração
B80: ='REGIÃO 13 - HISTÓRICO'!B80 -> 0 | C80: R13 | D80: =_xlfn.XLOOKUP(tbResumoR13[[#This Row],[REGIÃO]],tbRegioes[Código Região],tbRegioes[Contrato],"") -> 051.2024 | E80: ='REGIÃO 13 - HISTÓRICO'!C80 -> 149 | F80: Agosto | G80: ='REGIÃO 13 - HISTÓRICO'!D80 -> ago/set/out | H80: 250 | I80: =IF(tbResumoR13[[#This Row],[N° TRECHO]]="","",IFERROR(INDEX(Tabela6[TRECHO],MATCH(tbResumoR13[[#This Row],[N° TRECHO]],Tabela6[NÚMERO TRECHO],0)),IFERROR(INDEX(Tabela7[TRECHO],MATCH(tbResumoR13[[#This Row],[N° TRECHO]],Tabela7[NÚMERO TRECHO],0)),IFERROR(INDEX(Tabela8[TRECHO],MATCH(tbResumoR13[[#This Row],[N° TRECHO]],Tabela8[NÚMERO TRECHO],0)),"Trecho não cadastrado")))) -> RODOVIA TO-050 - TRECHO ARRAIAS - DIVISA TO-GO | J80: Roçada | K80: ='REGIÃO 13 - HISTÓRICO'!E80 -> 8354.17 | L80: ='REGIÃO 13 - HISTÓRICO'!I80 -> Concluída
... B83: ='REGIÃO 13 - HISTÓRICO'!B83 -> 80 | C83: R13 | D83: =_xlfn.XLOOKUP(tbResumoR13[[#This Row],[REGIÃO]],tbRegioes[Código Região],tbRegioes[Contrato],"") -> 051.2024 | E83: ='REGIÃO 13 - HISTÓRICO'!C83 -> 152 | F83: Setembro | G83: ='REGIÃO 13 - HISTÓRICO'!D83 -> set/out/nov | H83: 255 | I83: =IF(tbResumoR13[[#This Row],[N° TRECHO]]="","",IFERROR(INDEX(Tabela6[TRECHO],MATCH(tbResumoR13[[#This Row],[N° TRECHO]],Tabela6[NÚMERO TRECHO],0)),IFERROR(INDEX(Tabela7[TRECHO],MATCH(tbResumoR13[[#This Row],[N° TRECHO]],Tabela7[NÚMERO TRECHO],0)),IFERROR(INDEX(Tabela8[TRECHO],MATCH(tbResumoR13[[#This Row],[N° TRECHO]],Tabela8[NÚMERO TRECHO],0)),"Trecho não cadastrado")))) -> RODOVIA TO-110 - TRECHO ENTR. TO-040 (DIANÓPOLIS) - DIVISA TO-BA (GARGANTA) | J83: Roçada | K83: ='REGIÃO 13 - HISTÓRICO'!E83 -> 30147.05 | L83: ='REGIÃO 13 - HISTÓRICO'!I83 -> Em elaboração
B84: ='REGIÃO 13 - HISTÓRICO'!B77 -> 0 | C84: R13 | D84: =_xlfn.XLOOKUP(tbResumoR13[[#This Row],[REGIÃO]],tbRegioes[Código Região],tbRegioes[Contrato],"") -> 051.2024 | E84: ='REGIÃO 13 - HISTÓRICO'!C84 -> 153 | F84: Setembro | G84: ='REGIÃO 13 - HISTÓRICO'!D84 -> set/out/nov | H84: 270 | I84: =IF(tbResumoR13[[#This Row],[N° TRECHO]]="","",IFERROR(INDEX(Tabela6[TRECHO],MATCH(tbResumoR13[[#This Row],[N° TRECHO]],Tabela6[NÚMERO TRECHO],0)),IFERROR(INDEX(Tabela7[TRECHO],MATCH(tbResumoR13[[#This Row],[N° TRECHO]],Tabela7[NÚMERO TRECHO],0)),IFERROR(INDEX(Tabela8[TRECHO],MATCH(tbResumoR13[[#This Row],[N° TRECHO]],Tabela8[NÚMERO TRECHO],0)),"Trecho não cadastrado")))) -> RODOVIA TO-485 - TRECHO TAIPAS DO TOCANTINS - ENTR. TO-110 | J84: Reconformação da plataforma | K84: ='REGIÃO 13 - HISTÓRICO'!E84 -> 106989.84 | L84: ='REGIÃO 13 - HISTÓRICO'!I84 -> Em elaboração
B85: ='REGIÃO 13 - HISTÓRICO'!B78 -> 0 | C85: R13 | D85: =_xlfn.XLOOKUP(tbResumoR13[[#This Row],[REGIÃO]],tbRegioes[Código Região],tbRegioes[Contrato],"") -> 051.2024 | E85: ='REGIÃO 13 - HISTÓRICO'!C85 -> 154 | F85: Agosto | G85: ='REGIÃO 13 - HISTÓRICO'!D85 -> ago/set/out | H85: 267 | I85: =IF(tbResumoR13[[#This Row],[N° TRECHO]]="","",IFERROR(INDEX(Tabela6[TRECHO],MATCH(tbResumoR13[[#This Row],[N° TRECHO]],Tabela6[NÚMERO TRECHO],0)),IFERROR(INDEX(Tabela7[TRECHO],MATCH(tbResumoR13[[#This Row],[N° TRECHO]],Tabela7[NÚMERO TRECHO],0)),IFERROR(INDEX(Tabela8[TRECHO],MATCH(tbResumoR13[[#This Row],[N° TRECHO]],Tabela8[NÚMERO TRECHO],0)),"Trecho não cadastrado")))) -> RODOVIA TO-476 - TRECHO RIO DA CONCEIÇÃO - ENTR. TO-477 | J85: Reconformação da plataforma | K85: ='REGIÃO 13 - HISTÓRICO'!E85 -> 15959.88 | L85: ='REGIÃO 13 - HISTÓRICO'!I85 -> Justificada
B86: ='REGIÃO 13 - HISTÓRICO'!B61 -> 0 | C86: R13 | D86: =_xlfn.XLOOKUP(tbResumoR13[[#This Row],[REGIÃO]],tbRegioes[Código Região],tbRegioes[Contrato],"") -> 051.2024 | E86: ='REGIÃO 13 - HISTÓRICO'!C86 -> 155 | F86: Setembro | G86: ='REGIÃO 13 - HISTÓRICO'!D86 -> set/out/nov | H86: 246 | I86: =IF(tbResumoR13[[#This Row],[N° TRECHO]]="","",IFERROR(INDEX(Tabela6[TRECHO],MATCH(tbResumoR13[[#This Row],[N° TRECHO]],Tabela6[NÚMERO TRECHO],0)),IFERROR(INDEX(Tabela7[TRECHO],MATCH(tbResumoR13[[#This Row],[N° TRECHO]],Tabela7[NÚMERO TRECHO],0)),IFERROR(INDEX(Tabela8[TRECHO],MATCH(tbResumoR13[[#This Row],[N° TRECHO]],Tabela8[NÚMERO TRECHO],0)),"Trecho não cadastrado")))) -> RODOVIA TO-040 - TRECHO ALMAS - PORTO ALEGRE DO TOCANTINS | J86: Roçada / Tapa-Buraco PMF / Caiação de EDS e pontes | K86: ='REGIÃO 13 - HISTÓRICO'!E86 -> 88229.2 | L86: ='REGIÃO 13 - HISTÓRICO'!I86 -> Em elaboração
B87: ='REGIÃO 13 - HISTÓRICO'!B62 -> 0 | C87: R13 | D87: =_xlfn.XLOOKUP(tbResumoR13[[#This Row],[REGIÃO]],tbRegioes[Código Região],tbRegioes[Contrato],"") -> 051.2024 | E87: ='REGIÃO 13 - HISTÓRICO'!C87 -> 156 | F87: Setembro | G87: ='REGIÃO 13 - HISTÓRICO'!D87 -> set/out | H87: 247 | I87: =IF(tbResumoR13[[#This Row],[N° TRECHO]]="","",IFERROR(INDEX(Tabela6[TRECHO],MATCH(tbResumoR13[[#This Row],[N° TRECHO]],Tabela6[NÚMERO TRECHO],0)),IFERROR(INDEX(Tabela7[TRECHO],MATCH(tbResumoR13[[#This Row],[N° TRECHO]],Tabela7[NÚMERO TRECHO],0)),IFERROR(INDEX(Tabela8[TRECHO],MATCH(tbResumoR13[[#This Row],[N° TRECHO]],Tabela8[NÚMERO TRECHO],0)),"Trecho não cadastrado")))) -> RODOVIA TO-040 - TRECHO DIANÓPOLIS - NOVO JARDIM | J87: Roçada | K87: ='REGIÃO 13 - HISTÓRICO'!E87 -> 19582.26 | L87: ='REGIÃO 13 - HISTÓRICO'!I87 -> Em elaboração
B88: ='REGIÃO 13 - HISTÓRICO'!B84 -> 81 | C88: R13 | D88: =_xlfn.XLOOKUP(tbResumoR13[[#This Row],[REGIÃO]],tbRegioes[Código Região],tbRegioes[Contrato],"") -> 051.2024 | E88: ='REGIÃO 13 - HISTÓRICO'!C88 -> 157 | F88: Agosto | G88: ='REGIÃO 13 - HISTÓRICO'!D88 -> ago/set/out | H88: 249 | I88: =IF(tbResumoR13[[#This Row],[N° TRECHO]]="","",IFERROR(INDEX(Tabela6[TRECHO],MATCH(tbResumoR13[[#This Row],[N° TRECHO]],Tabela6[NÚMERO TRECHO],0)),IFERROR(INDEX(Tabela7[TRECHO],MATCH(tbResumoR13[[#This Row],[N° TRECHO]],Tabela7[NÚMERO TRECHO],0)),IFERROR(INDEX(Tabela8[TRECHO],MATCH(tbResumoR13[[#This Row],[N° TRECHO]],Tabela8[NÚMERO TRECHO],0)),"Trecho não cadastrado")))) -> RODOVIA TO-040 - TRECHO PORTO ALEGRE DO TOCANTINS - DIANÓPOLIS | J88: Roçada / Tapa-Buraco PMF | K88: ='REGIÃO 13 - HISTÓRICO'!E88 -> 209876.92 | L88: ='REGIÃO 13 - HISTÓRICO'!I88 -> Em andamento
B89: ='REGIÃO 13 - HISTÓRICO'!B85 -> 82 | C89: R13 | D89: =_xlfn.XLOOKUP(tbResumoR13[[#This Row],[REGIÃO]],tbRegioes[Código Região],tbRegioes[Contrato],"") -> 051.2024 | E89: ='REGIÃO 13 - HISTÓRICO'!C89 -> 158 | F89: Setembro | G89: ='REGIÃO 13 - HISTÓRICO'!D89 -> set/out/nov | H89: 248 | I89: =IF(tbResumoR13[[#This Row],[N° TRECHO]]="","",IFERROR(INDEX(Tabela6[TRECHO],MATCH(tbResumoR13[[#This Row],[N° TRECHO]],Tabela6[NÚMERO TRECHO],0)),IFERROR(INDEX(Tabela7[TRECHO],MATCH(tbResumoR13[[#This Row],[N° TRECHO]],Tabela7[NÚMERO TRECHO],0)),IFERROR(INDEX(Tabela8[TRECHO],MATCH(tbResumoR13[[#This Row],[N° TRECHO]],Tabela8[NÚMERO TRECHO],0)),"Trecho não cadastrado")))) -> RODOVIA TO-040 - TRECHO NOVO JARDIM - DIVISA TO-BA | J89: SERVIÇOS MANUTENÇÃO | K89: ='REGIÃO 13 - HISTÓRICO'!E89 -> 23697.25 | L89: ='REGIÃO 13 - HISTÓRICO'!I89 -> Correção Fiscal
B90: ='REGIÃO 13 - HISTÓRICO'!B86 -> 83 | C90: R13 | D90: =_xlfn.XLOOKUP(tbResumoR13[[#This Row],[REGIÃO]],tbRegioes[Código Região],tbRegioes[Contrato],"") -> 051.2024 | E90: ='REGIÃO 13 - HISTÓRICO'!C90 -> 159 | F90: Outubro | G90: ='REGIÃO 13 - HISTÓRICO'!D90 -> out/nov/dez | H90: 253 | I90: =IF(tbResumoR13[[#This Row],[N° TRECHO]]="","",IFERROR(INDEX(Tabela6[TRECHO],MATCH(tbResumoR13[[#This Row],[N° TRECHO]],Tabela6[NÚMERO TRECHO],0)),IFERROR(INDEX(Tabela7[TRECHO],MATCH(tbResumoR13[[#This Row],[N° TRECHO]],Tabela7[NÚMERO TRECHO],0)),IFERROR(INDEX(Tabela8[TRECHO],MATCH(tbResumoR13[[#This Row],[N° TRECHO]],Tabela8[NÚMERO TRECHO],0)),"Trecho não cadastrado")))) -> RODOVIA TO-110 - TRECHO AURORA DO TOCANTINS - LAVANDEIRA | J90: SERVIÇOS MANUTENÇÃO | K90: ='REGIÃO 13 - HISTÓRICO'!E90 -> 8773.52 | L90: ='REGIÃO 13 - HISTÓRICO'!I90 -> Correção Fiscal
B91: ='REGIÃO 13 - HISTÓRICO'!B92 -> 89 | C91: R13 | D91: =_xlfn.XLOOKUP(tbResumoR13[[#This Row],[REGIÃO]],tbRegioes[Código Região],tbRegioes[Contrato],"") -> 051.2024 | E91: ='REGIÃO 13 - HISTÓRICO'!C91 -> 160 | F91: Outubro | G91: ='REGIÃO 13 - HISTÓRICO'!D91 -> out/nov/dez | H91: 256 | I91: =IF(tbResumoR13[[#This Row],[N° TRECHO]]="","",IFERROR(INDEX(Tabela6[TRECHO],MATCH(tbResumoR13[[#This Row],[N° TRECHO]],Tabela6[NÚMERO TRECHO],0)),IFERROR(INDEX(Tabela7[TRECHO],MATCH(tbResumoR13[[#This Row],[N° TRECHO]],Tabela7[NÚMERO TRECHO],0)),IFERROR(INDEX(Tabela8[TRECHO],MATCH(tbResumoR13[[#This Row],[N° TRECHO]],Tabela8[NÚMERO TRECHO],0)),"Trecho não cadastrado")))) -> RODOVIA TO-110 - TRECHO ENTR. TO-040 - PONTE ALTA DO BOM JESUS | J91: SERVIÇOS MANUTENÇÃO | K91: ='REGIÃO 13 - HISTÓRICO'!E91 -> 20979.64 | L91: ='REGIÃO 13 - HISTÓRICO'!I91 -> Correção Fiscal
B92: ='REGIÃO 13 - HISTÓRICO'!B93 -> 90 | C92: R13 | D92: =_xlfn.XLOOKUP(tbResumoR13[[#This Row],[REGIÃO]],tbRegioes[Código Região],tbRegioes[Contrato],"") -> 051.2024 | E92: ='REGIÃO 13 - HISTÓRICO'!C92 -> 161 | F92: Outubro | G92: ='REGIÃO 13 - HISTÓRICO'!D92 -> out/nov/dez | H92: 257 | I92: =IF(tbResumoR13[[#This Row],[N° TRECHO]]="","",IFERROR(INDEX(Tabela6[TRECHO],MATCH(tbResumoR13[[#This Row],[N° TRECHO]],Tabela6[NÚMERO TRECHO],0)),IFERROR(INDEX(Tabela7[TRECHO],MATCH(tbResumoR13[[#This Row],[N° TRECHO]],Tabela7[NÚMERO TRECHO],0)),IFERROR(INDEX(Tabela8[TRECHO],MATCH(tbResumoR13[[#This Row],[N° TRECHO]],Tabela8[NÚMERO TRECHO],0)),"Trecho não cadastrado")))) -> RODOVIA TO-110 - TRECHO LAVANDEIRA - COMBINADO | J92: SERVIÇOS MANUTENÇÃO | K92: ='REGIÃO 13 - HISTÓRICO'!E92 -> 3684.51 | L92: ='REGIÃO 13 - HISTÓRICO'!I92 -> Correção Fiscal
B93: ='REGIÃO 13 - HISTÓRICO'!B94 -> 91 | C93: R13 | D93: =_xlfn.XLOOKUP(tbResumoR13[[#This Row],[REGIÃO]],tbRegioes[Código Região],tbRegioes[Contrato],"") -> 051.2024 | E93: ='REGIÃO 13 - HISTÓRICO'!C93 -> 162 | F93: Outubro | G93: ='REGIÃO 13 - HISTÓRICO'!D93 -> out/nov/dez | H93: 258 | I93: =IF(tbResumoR13[[#This Row],[N° TRECHO]]="","",IFERROR(INDEX(Tabela6[TRECHO],MATCH(tbResumoR13[[#This Row],[N° TRECHO]],Tabela6[NÚMERO TRECHO],0)),IFERROR(INDEX(Tabela7[TRECHO],MATCH(tbResumoR13[[#This Row],[N° TRECHO]],Tabela7[NÚMERO TRECHO],0)),IFERROR(INDEX(Tabela8[TRECHO],MATCH(tbResumoR13[[#This Row],[N° TRECHO]],Tabela8[NÚMERO TRECHO],0)),"Trecho não cadastrado")))) -> RODOVIA TO-110 - TRECHO PONTE ALTA DO BOM JESUS - ENTR. BR-242(TAGUATINGA) | J93: SERVIÇOS MANUTENÇÃO | K93: ='REGIÃO 13 - HISTÓRICO'!E93 -> 19604.92 | L93: ='REGIÃO 13 - HISTÓRICO'!I93 -> Correção Fiscal
B94: ='REGIÃO 13 - HISTÓRICO'!B95 -> 92 | C94: R13 | D94: =_xlfn.XLOOKUP(tbResumoR13[[#This Row],[REGIÃO]],tbRegioes[Código Região],tbRegioes[Contrato],"") -> 051.2024 | E94: ='REGIÃO 13 - HISTÓRICO'!C94 -> 163 | F94: Outubro | G94: ='REGIÃO 13 - HISTÓRICO'!D94 -> out/nov/dez | H94: 259 | I94: =IF(tbResumoR13[[#This Row],[N° TRECHO]]="","",IFERROR(INDEX(Tabela6[TRECHO],MATCH(tbResumoR13[[#This Row],[N° TRECHO]],Tabela6[NÚMERO TRECHO],0)),IFERROR(INDEX(Tabela7[TRECHO],MATCH(tbResumoR13[[#This Row],[N° TRECHO]],Tabela7[NÚMERO TRECHO],0)),IFERROR(INDEX(Tabela8[TRECHO],MATCH(tbResumoR13[[#This Row],[N° TRECHO]],Tabela8[NÚMERO TRECHO],0)),"Trecho não cadastrado")))) -> RODOVIA TO-110 - TRECHO TAGUATINGA - AURORA DO TOCANTINS | J94: SERVIÇOS MANUTENÇÃO | K94: ='REGIÃO 13 - HISTÓRICO'!E94 -> 24704.48 | L94: ='REGIÃO 13 - HISTÓRICO'!I94 -> Correção Fiscal
B95: ='REGIÃO 13 - HISTÓRICO'!B96 -> 93 | C95: R13 | D95: =_xlfn.XLOOKUP(tbResumoR13[[#This Row],[REGIÃO]],tbRegioes[Código Região],tbRegioes[Contrato],"") -> 051.2024 | E95: ='REGIÃO 13 - HISTÓRICO'!C95 -> 164 | F95: Setembro | G95: ='REGIÃO 13 - HISTÓRICO'!D95 -> set/out/nov | H95: 245 | I95: =IF(tbResumoR13[[#This Row],[N° TRECHO]]="","",IFERROR(INDEX(Tabela6[TRECHO],MATCH(tbResumoR13[[#This Row],[N° TRECHO]],Tabela6[NÚMERO TRECHO],0)),IFERROR(INDEX(Tabela7[TRECHO],MATCH(tbResumoR13[[#This Row],[N° TRECHO]],Tabela7[NÚMERO TRECHO],0)),IFERROR(INDEX(Tabela8[TRECHO],MATCH(tbResumoR13[[#This Row],[N° TRECHO]],Tabela8[NÚMERO TRECHO],0)),"Trecho não cadastrado")))) -> RODOVIA TO-040 - TRECHO ENTR. TO-369 - ENTR. TO-280 (ALMAS) | J95: SERVIÇOS MANUTENÇÃO | K95: ='REGIÃO 13 - HISTÓRICO'!E95 -> 449217.37 | L95: ='REGIÃO 13 - HISTÓRICO'!I95 -> Correção Fiscal
B96: ='REGIÃO 13 - HISTÓRICO'!B96 -> 93 | D96: =_xlfn.XLOOKUP(tbResumoR13[[#This Row],[REGIÃO]],tbRegioes[Código Região],tbRegioes[Contrato],"") | I96: =IF(tbResumoR13[[#This Row],[N° TRECHO]]="","",IFERROR(INDEX(Tabela6[TRECHO],MATCH(tbResumoR13[[#This Row],[N° TRECHO]],Tabela6[NÚMERO TRECHO],0)),IFERROR(INDEX(Tabela7[TRECHO],MATCH(tbResumoR13[[#This Row],[N° TRECHO]],Tabela7[NÚMERO TRECHO],0)),IFERROR(INDEX(Tabela8[TRECHO],MATCH(tbResumoR13[[#This Row],[N° TRECHO]],Tabela8[NÚMERO TRECHO],0)),"Trecho não cadastrado"))))

Sheet REGIÃO 13 - HISTÓRICO
B2: REGIÃO 13 | J2: 46023 | L2: 46054 | N2: 46082 | P2: 46113 | R2: 46143 | T2: 46174 | V2: 46204 | X2: 46235 | Z2: 46266 | AB2: 46296 | AD2: 46327 | AF2: 46357
B3: ID | C3: OSP | D3: CRONOGRAMA | E3: VALOR PREVISTO | F3: TOTAL MEDIDO | G3: SALDO | H3: % | I3: SITUAÇÃO FINAL | J3: VALOR MEDIDO | K3: SITUAÇÃO | L3: VALOR MEDIDO | M3: SITUAÇÃO | N3: VALOR MEDIDO | O3: SITUAÇÃO | P3: VALOR MEDIDO | Q3: SITUAÇÃO | R3: VALOR MEDIDO | S3: SITUAÇÃO | T3: VALOR MEDIDO | U3: SITUAÇÃO | V3: VALOR MEDIDO | W3: SITUAÇÃO | X3: VALOR MEDIDO | Y3: SITUAÇÃO | Z3: VALOR MEDIDO | AA3: SITUAÇÃO | AB3: VALOR MEDIDO | AC3: SITUAÇÃO | AD3: VALOR MEDIDO | AE3: SITUAÇÃO | AF3: VALOR MEDIDO | AG3: SITUAÇÃO
B4: =ROW()-ROW($B$3) -> 1 | C4: 73 | D4: jan/fev/mar | E4: 98239.68 | F4: =SUM(J4,L4,N4,P4,R4,T4,V4,X4,Z4,AB4,AD4,AF4) -> 82601.86 | G4: =E4-F4 -> 15637.82 | H4: =IFERROR(F4/E4,0) -> 0.84081972 | I4: {=IFERROR(LOOKUP(2,1/((MOD(COLUMN($K4:$AG4),2)=1)*($K4:$AG4<>"-")*($K4:$AG4<>"")),$K4:$AG4),"-")} -> Concluída | J4: 14461.95 | K4: Em andamento | M4: Justificada | N4: 68139.91 | O4: Concluída
B5: =ROW()-ROW($B$3) -> 2 | C5: 74 | D5: jan/fev/mar/abr | E5: 329309.36 | F5: =SUM(J5,L5,N5,P5,R5,T5,V5,X5,Z5,AB5,AD5,AF5) -> 328999.47 | G5: =E5-F5 -> 309.89 | H5: =IFERROR(F5/E5,0) -> 0.99905897 | I5: {=IFERROR(LOOKUP(2,1/((MOD(COLUMN($K5:$AG5),2)=1)*($K5:$AG5<>"-")*($K5:$AG5<>"")),$K5:$AG5),"-")} -> Concluída | J5: 197.02 | K5: Em andamento | L5: 317147.35 | M5: Em andamento | N5: 11655.1 | O5: Concluída
B6: =ROW()-ROW($B$3) -> 3 | C6: 75 | D6: jan/fev/mar | E6: 140435.54 | F6: =SUM(J6,L6,N6,P6,R6,T6,V6,X6,Z6,AB6,AD6,AF6) -> 139709.41 | G6: =E6-F6 -> 726.13 | H6: =IFERROR(F6/E6,0) -> 0.99482944 | I6: {=IFERROR(LOOKUP(2,1/((MOD(COLUMN($K6:$AG6),2)=1)*($K6:$AG6<>"-")*($K6:$AG6<>"")),$K6:$AG6),"-")} -> Concluída | J6: 63035.52 | K6: Em andamento | L6: 39736.42 | M6: Em andamento | N6: 36937.47 | O6: Concluída
B7: =ROW()-ROW($B$3) -> 4 | C7: 76 | D7: jan/fev/mar | E7: 157252.35 | F7: =SUM(J7,L7,N7,P7,R7,T7,V7,X7,Z7,AB7,AD7,AF7) -> 155888.89 | G7: =E7-F7 -> 1363.46 | H7: =IFERROR(F7/E7,0) -> 0.99132948 | I7: {=IFERROR(LOOKUP(2,1/((MOD(COLUMN($K7:$AG7),2)=1)*($K7:$AG7<>"-")*($K7:$AG7<>"")),$K7:$AG7),"-")} -> Concluída | J7: 196.18 | K7: Em andamento | M7: Justificada | N7: 155692.71 | O7: Concluída
B8: =ROW()-ROW($B$3) -> 5 | C8: 77 | D8: jan/fev/mar/abr | E8: 1234328.1 | F8: =SUM(J8,L8,N8,P8,R8,T8,V8,X8,Z8,AB8,AD8,AF8) -> 1210136.5 | G8: =E8-F8 -> 24191.64 | H8: =IFERROR(F8/E8,0) -> 0.98040097 | I8: {=IFERROR(LOOKUP(2,1/((MOD(COLUMN($K8:$AG8),2)=1)*($K8:$AG8<>"-")*($K8:$AG8<>"")),$K8:$AG8),"-")} -> Concluída | J8: 886195.18 | K8: Em andamento | L8: 323941.31 | M8: Concluída
B9: =ROW()-ROW($B$3) -> 6 | C9: 78 | D9: jan/fev/mar | E9: 98271.39 | F9: =SUM(J9,L9,N9,P9,R9,T9,V9,X9,Z9,AB9,AD9,AF9) -> 96481.25 | G9: =E9-F9 -> 1790.14 | H9: =IFERROR(F9/E9,0) -> 0.98178371 | I9: {=IFERROR(LOOKUP(2,1/((MOD(COLUMN($K9:$AG9),2)=1)*($K9:$AG9<>"-")*($K9:$AG9<>"")),$K9:$AG9),"-")} -> Concluída | J9: 184.27 | K9: Em andamento | L9: 30179.98 | M9: Em andamento | N9: 66117 | O9: Concluída
B10: =ROW()-ROW($B$3) -> 7 | C10: 79 | D10: fev/mar | E10: 569533.54 | F10: =SUM(J10,L10,N10,P10,R10,T10,V10,X10,Z10,AB10,AD10,AF10) -> 549759.97 | G10: =E10-F10 -> 19773.57 | H10: =IFERROR(F10/E10,0) -> 0.96528111 | I10: {=IFERROR(LOOKUP(2,1/((MOD(COLUMN($K10:$AG10),2)=1)*($K10:$AG10<>"-")*($K10:$AG10<>"")),$K10:$AG10),"-")} -> Concluída | L10: 494827.35 | M10: Em andamento | N10: 54932.62 | O10: Concluída
B11: =ROW()-ROW($B$3) -> 8 | C11: 80 | D11: fev/mar/abr | E11: 361880.42 | F11: =SUM(J11,L11,N11,P11,R11,T11,V11,X11,Z11,AB11,AD11,AF11) -> 184280.96 | G11: =E11-F11 -> 177599.46 | H11: =IFERROR(F11/E11,0) -> 0.50923164 | I11: {=IFERROR(LOOKUP(2,1/((MOD(COLUMN($K11:$AG11),2)=1)*($K11:$AG11<>"-")*($K11:$AG11<>"")),$K11:$AG11),"-")} -> Concluída | M11: Justificada | O11: Justificada | P11: 184280.96 | Q11: Concluída
B12: =ROW()-ROW($B$3) -> 9 | C12: 81 | D12: fev/mar/abr | E12: 616483.01 | F12: =SUM(J12,L12,N12,P12,R12,T12,V12,X12,Z12,AB12,AD12,AF12) -> 616238.34 | G12: =E12-F12 -> 244.67 | H12: =IFERROR(F12/E12,0) -> 0.99960312 | I12: {=IFERROR(LOOKUP(2,1/((MOD(COLUMN($K12:$AG12),2)=1)*($K12:$AG12<>"-")*($K12:$AG12<>"")),$K12:$AG12),"-")} -> Concluída | L12: 305816.45 | M12: Em andamento | N12: 310421.89 | O12: Concluída
B13: =ROW()-ROW($B$3) -> 10 | C13: 82 | D13: fev/mar | E13: 46532.4 | F13: =SUM(J13,L13,N13,P13,R13,T13,V13,X13,Z13,AB13,AD13,AF13) -> 37686.89 | G13: =E13-F13 -> 8845.51 | H13: =IFERROR(F13/E13,0) -> 0.80990643 | I13: {=IFERROR(LOOKUP(2,1/((MOD(COLUMN($K13:$AG13),2)=1)*($K13:$AG13<>"-")*($K13:$AG13<>"")),$K13:$AG13),"-")} -> Concluída | M13: Justificada | N13: 37686.89 | O13: Concluída
C14: 83 | D14: mar/abr/mai | E14: 396115.31 | F14: =SUM(J14,L14,N14,P14,R14,T14,V14,X14,Z14,AB14,AD14,AF14) -> 270038.45 | G14: =E14-F14 -> 126076.86 | H14: =IFERROR(F14/E14,0) -> 0.68171677 | I14: {=IFERROR(LOOKUP(2,1/((MOD(COLUMN($K14:$AG14),2)=1)*($K14:$AG14<>"-")*($K14:$AG14<>"")),$K14:$AG14),"-")} -> Concluída | N14: 270038.45 | O14: Concluída
C15: 84 | D15: mar/abr/mai | E15: 304771.96 | F15: =SUM(J15,L15,N15,P15,R15,T15,V15,X15,Z15,AB15,AD15,AF15) -> 303326.72 | G15: =E15-F15 -> 1445.24 | H15: =IFERROR(F15/E15,0) -> 0.99525796 | I15: {=IFERROR(LOOKUP(2,1/((MOD(COLUMN($K15:$AG15),2)=1)*($K15:$AG15<>"-")*($K15:$AG15<>"")),$K15:$AG15),"-")} -> Concluída | N15: 303326.72 | O15: Concluída
C16: 85 | D16: mar/abr/mai | E16: 64506.29 | F16: =SUM(J16,L16,N16,P16,R16,T16,V16,X16,Z16,AB16,AD16,AF16) -> 64506.29 | G16: =E16-F16 -> 0 | H16: =IFERROR(F16/E16,0) -> 1 | I16: {=IFERROR(LOOKUP(2,1/((MOD(COLUMN($K16:$AG16),2)=1)*($K16:$AG16<>"-")*($K16:$AG16<>"")),$K16:$AG16),"-")} -> Concluída | N16: 64506.29 | O16: Concluída
C17: 86 | D17: mar/abr | E17: 10233.94 | F17: =SUM(J17,L17,N17,P17,R17,T17,V17,X17,Z17,AB17,AD17,AF17) -> 6205 | G17: =E17-F17 -> 4028.94 | H17: =IFERROR(F17/E17,0) -> 0.60631585 | I17: {=IFERROR(LOOKUP(2,1/((MOD(COLUMN($K17:$AG17),2)=1)*($K17:$AG17<>"-")*($K17:$AG17<>"")),$K17:$AG17),"-")} -> Justificada | O17: Justificada | P17: 6205 | Q17: Justificada
C18: 87 | D18: mar/abr | E18: 7238.27 | F18: =SUM(J18,L18,N18,P18,R18,T18,V18,X18,Z18,AB18,AD18,AF18) -> 812.14 | G18: =E18-F18 -> 6426.13 | H18: =IFERROR(F18/E18,0) -> 0.11220084 | I18: {=IFERROR(LOOKUP(2,1/((MOD(COLUMN($K18:$AG18),2)=1)*($K18:$AG18<>"-")*($K18:$AG18<>"")),$K18:$AG18),"-")} -> Concluída | N18: 450 | O18: Em andamento | P18: 362.14 | Q18: Concluída
C19: 88 | D19: mar/abr/mai | E19: 193211.69 | F19: =SUM(J19,L19,N19,P19,R19,T19,V19,X19,Z19,AB19,AD19,AF19) -> 193171.26 | G19: =E19-F19 -> 40.43 | H19: =IFERROR(F19/E19,0) -> 0.99979075 | I19: {=IFERROR(LOOKUP(2,1/((MOD(COLUMN($K19:$AG19),2)=1)*($K19:$AG19<>"-")*($K19:$AG19<>"")),$K19:$AG19),"-")} -> Concluída | N19: 1985.16 | O19: Em andamento | P19: 191186.1 | Q19: Concluída
C20: 89 | D20: mar/abr | E20: 16279.15 | F20: =SUM(J20,L20,N20,P20,R20,T20,V20,X20,Z20,AB20,AD20,AF20) -> 15568.7 | G20: =E20-F20 -> 710.45 | H20: =IFERROR(F20/E20,0) -> 0.95635829 | I20: {=IFERROR(LOOKUP(2,1/((MOD(COLUMN($K20:$AG20),2)=1)*($K20:$AG20<>"-")*($K20:$AG20<>"")),$K20:$AG20),"-")} -> Concluída | N20: 15568.7 | O20: Concluída
C21: 90 | D21: mar/abr | E21: 3366.65 | F21: =SUM(J21,L21,N21,P21,R21,T21,V21,X21,Z21,AB21,AD21,AF21) -> 813.44 | G21: =E21-F21 -> 2553.21 | H21: =IFERROR(F21/E21,0) -> 0.24161704 | I21: {=IFERROR(LOOKUP(2,1/((MOD(COLUMN($K21:$AG21),2)=1)*($K21:$AG21<>"-")*($K21:$AG21<>"")),$K21:$AG21),"-")} -> Concluída | N21: 813.44 | O21: Em andamento | P21: 0 | Q21: Concluída
C22: 91 | D22: mar/abr | E22: 15049.96 | F22: =SUM(J22,L22,N22,P22,R22,T22,V22,X22,Z22,AB22,AD22,AF22) -> 14775.92 | G22: =E22-F22 -> 274.04 | H22: =IFERROR(F22/E22,0) -> 0.98179131 | I22: {=IFERROR(LOOKUP(2,1/((MOD(COLUMN($K22:$AG22),2)=1)*($K22:$AG22<>"-")*($K22:$AG22<>"")),$K22:$AG22),"-")} -> Concluída | N22: 1192.84 | O22: Em andamento | P22: 13583.08 | Q22: Concluída
C23: 92 | D23: abr/mai | E23: 18985.42 | F23: =SUM(J23,L23,N23,P23,R23,T23,V23,X23,Z23,AB23,AD23,AF23) -> 18525.96 | G23: =E23-F23 -> 459.46 | H23: =IFERROR(F23/E23,0) -> 0.97579932 | I23: {=IFERROR(LOOKUP(2,1/((MOD(COLUMN($K23:$AG23),2)=1)*($K23:$AG23<>"-")*($K23:$AG23<>"")),$K23:$AG23),"-")} -> Concluída | N23: 972 | O23: Em andamento | P23: 17553.96 | Q23: Concluída
C24: 93 | D24: mar/abr/mai | E24: 796996.03 | F24: =SUM(J24,L24,N24,P24,R24,T24,V24,X24,Z24,AB24,AD24,AF24) -> 795578.28 | G24: =E24-F24 -> 1417.75 | H24: =IFERROR(F24/E24,0) -> 0.99822113 | I24: {=IFERROR(LOOKUP(2,1/((MOD(COLUMN($K24:$AG24),2)=1)*($K24:$AG24<>"-")*($K24:$AG24<>"")),$K24:$AG24),"-")} -> Concluída | N24: 420.39 | O24: Em andamento | P24: 564768.51 | Q24: Em andamento | R24: 230389.38 | S24: Concluída
C25: 94 | D25: mar/abr/mai | E25: 983850.17 | F25: =SUM(J25,L25,N25,P25,R25,T25,V25,X25,Z25,AB25,AD25,AF25) -> 939482.29 | G25: =E25-F25 -> 44367.88 | H25: =IFERROR(F25/E25,0) -> 0.95490382 | I25: {=IFERROR(LOOKUP(2,1/((MOD(COLUMN($K25:$AG25),2)=1)*($K25:$AG25<>"-")*($K25:$AG25<>"")),$K25:$AG25),"-")} -> Concluída | N25: 252.23 | O25: Em andamento | P25: 738309.36 | Q25: Em andamento | R25: 200920.7 | S25: Concluída
C26: 95 | D26: mar/abr | E26: 32126.996 | F26: =SUM(J26,L26,N26,P26,R26,T26,V26,X26,Z26,AB26,AD26,AF26) -> 30104.78 | G26: =E26-F26 -> 2022.216 | H26: =IFERROR(F26/E26,0) -> 0.93705555 | I26: {=IFERROR(LOOKUP(2,1/((MOD(COLUMN($K26:$AG26),2)=1)*($K26:$AG26<>"-")*($K26:$AG26<>"")),$K26:$AG26),"-")} -> Concluída | N26: 30104.78 | O26: Concluída
C27: 96 | D27: mar/abr/mai | E27: 197054.75 | F27: =SUM(J27,L27,N27,P27,R27,T27,V27,X27,Z27,AB27,AD27,AF27) -> 11585.16 | G27: =E27-F27 -> 185469.59 | H27: =IFERROR(F27/E27,0) -> 0.058791579 | I27: {=IFERROR(LOOKUP(2,1/((MOD(COLUMN($K27:$AG27),2)=1)*($K27:$AG27<>"-")*($K27:$AG27<>"")),$K27:$AG27),"-")} -> Concluída | O27: Justificada | P27: 11585.16 | Q27: Em andamento | R27: 0 | S27: Concluída
C28: 97 | D28: mar/abr/mai | E28: 151527.19 | F28: =SUM(J28,L28,N28,P28,R28,T28,V28,X28,Z28,AB28,AD28,AF28) -> 92809.56 | G28: =E28-F28 -> 58717.63 | H28: =IFERROR(F28/E28,0) -> 0.61249443 | I28: {=IFERROR(LOOKUP(2,1/((MOD(COLUMN($K28:$AG28),2)=1)*($K28:$AG28<>"-")*($K28:$AG28<>"")),$K28:$AG28),"-")} -> Concluída | N28: 25767.42 | O28: Em andamento | P28: 15091.32 | Q28: Em andamento | R28: 51950.82 | S28: Concluída
C29: 98 | D29: abr/mai/jun | E29: 10999.6 | F29: =SUM(J29,L29,N29,P29,R29,T29,V29,X29,Z29,AB29,AD29,AF29) -> 10936.64 | G29: =E29-F29 -> 62.96 | H29: =IFERROR(F29/E29,0) -> 0.99427616 | I29: {=IFERROR(LOOKUP(2,1/((MOD(COLUMN($K29:$AG29),2)=1)*($K29:$AG29<>"-")*($K29:$AG29<>"")),$K29:$AG29),"-")} -> Concluída | P29: 10936.64 | Q29: Em andamento | R29: 0 | S29: Concluída
C30: 99 | D30: abr/mai/jun | E30: 50762.38 | F30: =SUM(J30,L30,N30,P30,R30,T30,V30,X30,Z30,AB30,AD30,AF30) -> 49725.35 | G30: =E30-F30 -> 1037.03 | H30: =IFERROR(F30/E30,0) -> 0.97957089 | I30: {=IFERROR(LOOKUP(2,1/((MOD(COLUMN($K30:$AG30),2)=1)*($K30:$AG30<>"-")*($K30:$AG30<>"")),$K30:$AG30),"-")} -> Concluída | P30: 49725.35 | Q30: Concluída
C31: 100 | D31: abr/mai/jun | E31: 148489.23 | F31: =SUM(J31,L31,N31,P31,R31,T31,V31,X31,Z31,AB31,AD31,AF31) -> 148244.08 | G31: =E31-F31 -> 245.15 | H31: =IFERROR(F31/E31,0) -> 0.99834904 | I31: {=IFERROR(LOOKUP(2,1/((MOD(COLUMN($K31:$AG31),2)=1)*($K31:$AG31<>"-")*($K31:$AG31<>"")),$K31:$AG31),"-")} -> Concluída | P31: 148244.08 | Q31: Concluída
C32: 101 | D32: abr/mai/jun | E32: 0 | F32: =SUM(J32,L32,N32,P32,R32,T32,V32,X32,Z32,AB32,AD32,AF32) -> 0 | G32: =E32-F32 -> 0 | H32: =IFERROR(F32/E32,0) -> 0 | I32: {=IFERROR(LOOKUP(2,1/((MOD(COLUMN($K32:$AG32),2)=1)*($K32:$AG32<>"-")*($K32:$AG32<>"")),$K32:$AG32),"-")} -> Em elaboração | Q32: Em elaboração
C33: 102 | D33: abr/mai/jun | E33: 276626.44 | F33: =SUM(J33,L33,N33,P33,R33,T33,V33,X33,Z33,AB33,AD33,AF33) -> 271401.14 | G33: =E33-F33 -> 5225.3 | H33: =IFERROR(F33/E33,0) -> 0.98111063 | I33: {=IFERROR(LOOKUP(2,1/((MOD(COLUMN($K33:$AG33),2)=1)*($K33:$AG33<>"-")*($K33:$AG33<>"")),$K33:$AG33),"-")} -> Concluída | P33: 271401.14 | Q33: Concluída
C34: 103 | D34: abr/mai/jun | E34: 63466.15 | F34: =SUM(J34,L34,N34,P34,R34,T34,V34,X34,Z34,AB34,AD34,AF34) -> 63124.46 | G34: =E34-F34 -> 341.69 | H34: =IFERROR(F34/E34,0) -> 0.99461619 | I34: {=IFERROR(LOOKUP(2,1/((MOD(COLUMN($K34:$AG34),2)=1)*($K34:$AG34<>"-")*($K34:$AG34<>"")),$K34:$AG34),"-")} -> Concluída | P34: 49021.86 | Q34: Em andamento | R34: 14102.6 | S34: Concluída
C35: 104 | D35: abr/mai/jun | E35: 248930.16 | F35: =SUM(J35,L35,N35,P35,R35,T35,V35,X35,Z35,AB35,AD35,AF35) -> 245523.85 | G35: =E35-F35 -> 3406.31 | H35: =IFERROR(F35/E35,0) -> 0.9863162 | I35: {=IFERROR(LOOKUP(2,1/((MOD(COLUMN($K35:$AG35),2)=1)*($K35:$AG35<>"-")*($K35:$AG35<>"")),$K35:$AG35),"-")} -> Concluída | P35: 245523.85 | Q35: Concluída
C36: 105 | D36: abr/mai/jun | E36: 100161.65 | F36: =SUM(J36,L36,N36,P36,R36,T36,V36,X36,Z36,AB36,AD36,AF36) -> 0 | G36: =E36-F36 -> 100161.65 | H36: =IFERROR(F36/E36,0) -> 0 | I36: {=IFERROR(LOOKUP(2,1/((MOD(COLUMN($K36:$AG36),2)=1)*($K36:$AG36<>"-")*($K36:$AG36<>"")),$K36:$AG36),"-")} -> Em elaboração | Q36: Em elaboração
C37: 106 | D37: abr | E37: 2654.59 | F37: =SUM(J37,L37,N37,P37,R37,T37,V37,X37,Z37,AB37,AD37,AF37) -> 2647.35 | G37: =E37-F37 -> 7.24 | H37: =IFERROR(F37/E37,0) -> 0.99727265 | I37: {=IFERROR(LOOKUP(2,1/((MOD(COLUMN($K37:$AG37),2)=1)*($K37:$AG37<>"-")*($K37:$AG37<>"")),$K37:$AG37),"-")} -> Concluída | P37: 2647.35 | Q37: Concluída
C38: 107 | D38: abr/mai/jun | E38: 56625.7 | F38: =SUM(J38,L38,N38,P38,R38,T38,V38,X38,Z38,AB38,AD38,AF38) -> 51214.22 | G38: =E38-F38 -> 5411.48 | H38: =IFERROR(F38/E38,0) -> 0.90443421 | I38: {=IFERROR(LOOKUP(2,1/((MOD(COLUMN($K38:$AG38),2)=1)*($K38:$AG38<>"-")*($K38:$AG38<>"")),$K38:$AG38),"-")} -> Concluída | P38: 51214.22 | Q38: Concluída
C39: 108 | D39: abr/mai/jun | E39: 116153.36 | F39: =SUM(J39,L39,N39,P39,R39,T39,V39,X39,Z39,AB39,AD39,AF39) -> 115821.22 | G39: =E39-F39 -> 332.14 | H39: =IFERROR(F39/E39,0) -> 0.9971405 | I39: {=IFERROR(LOOKUP(2,1/((MOD(COLUMN($K39:$AG39),2)=1)*($K39:$AG39<>"-")*($K39:$AG39<>"")),$K39:$AG39),"-")} -> Concluída | P39: 115821.22 | Q39: Concluída
C40: 109 | D40: abr/mai/jun | E40: 606290.87 | F40: =SUM(J40,L40,N40,P40,R40,T40,V40,X40,Z40,AB40,AD40,AF40) -> 606290.87 | G40: =E40-F40 -> 0 | H40: =IFERROR(F40/E40,0) -> 1 | I40: {=IFERROR(LOOKUP(2,1/((MOD(COLUMN($K40:$AG40),2)=1)*($K40:$AG40<>"-")*($K40:$AG40<>"")),$K40:$AG40),"-")} -> Concluída | P40: 0 | Q40: Justificada | R40: 580445.03 | S40: Em andamento | T40: 25845.84 | U40: Concluída
C41: 110 | D41: abr/mai/jun | E41: 387768.02 | F41: =SUM(J41,L41,N41,P41,R41,T41,V41,X41,Z41,AB41,AD41,AF41) -> 387690.94 | G41: =E41-F41 -> 77.08 | H41: =IFERROR(F41/E41,0) -> 0.99980122 | I41: {=IFERROR(LOOKUP(2,1/((MOD(COLUMN($K41:$AG41),2)=1)*($K41:$AG41<>"-")*($K41:$AG41<>"")),$K41:$AG41),"-")} -> Concluída | P41: 75379.5 | Q41: Em andamento | R41: 312311.44 | S41: Concluída
C42: 111 | D42: abr/mai/jun | E42: 387352.27 | F42: =SUM(J42,L42,N42,P42,R42,T42,V42,X42,Z42,AB42,AD42,AF42) -> 387153.93 | G42: =E42-F42 -> 198.34 | H42: =IFERROR(F42/E42,0) -> 0.99948796 | I42: {=IFERROR(LOOKUP(2,1/((MOD(COLUMN($K42:$AG42),2)=1)*($K42:$AG42<>"-")*($K42:$AG42<>"")),$K42:$AG42),"-")} -> Concluída | P42: 53855.64 | Q42: Em andamento | R42: 333298.29 | S42: Concluída
C43: 112 | D43: mai/jun/jul | E43: 7321.94 | F43: =SUM(J43,L43,N43,P43,R43,T43,V43,X43,Z43,AB43,AD43,AF43) -> 7034.33 | G43: =E43-F43 -> 287.61 | H43: =IFERROR(F43/E43,0) -> 0.96071943 | I43: {=IFERROR(LOOKUP(2,1/((MOD(COLUMN($K43:$AG43),2)=1)*($K43:$AG43<>"-")*($K43:$AG43<>"")),$K43:$AG43),"-")} -> Concluída | R43: 7034.33 | S43: Concluída
C44: 113 | D44: mai/jun/jul | E44: 20572.21 | F44: =SUM(J44,L44,N44,P44,R44,T44,V44,X44,Z44,AB44,AD44,AF44) -> 19587.56 | G44: =E44-F44 -> 984.65 | H44: =IFERROR(F44/E44,0) -> 0.95213689 | I44: {=IFERROR(LOOKUP(2,1/((MOD(COLUMN($K44:$AG44),2)=1)*($K44:$AG44<>"-")*($K44:$AG44<>"")),$K44:$AG44),"-")} -> Concluída | S44: Justificada | T44: 19587.56 | U44: Concluída
C45: 114 | D45: mai/jun/jul | E45: 47211.18 | F45: =SUM(J45,L45,N45,P45,R45,T45,V45,X45,Z45,AB45,AD45,AF45) -> 45257.29 | G45: =E45-F45 -> 1953.89 | H45: =IFERROR(F45/E45,0) -> 0.95861383 | I45: {=IFERROR(LOOKUP(2,1/((MOD(COLUMN($K45:$AG45),2)=1)*($K45:$AG45<>"-")*($K45:$AG45<>"")),$K45:$AG45),"-")} -> Concluída | R45: 45257.29 | S45: Concluída
C46: 115 | D46: mai/jun/jul | E46: 7303.59 | F46: =SUM(J46,L46,N46,P46,R46,T46,V46,X46,Z46,AB46,AD46,AF46) -> 6957.53 | G46: =E46-F46 -> 346.06 | H46: =IFERROR(F46/E46,0) -> 0.95261782 | I46: {=IFERROR(LOOKUP(2,1/((MOD(COLUMN($K46:$AG46),2)=1)*($K46:$AG46<>"-")*($K46:$AG46<>"")),$K46:$AG46),"-")} -> Concluída | R46: 6957.53 | S46: Concluída
C47: 116 | D47: mai/jun | E47: 2939.67 | F47: =SUM(J47,L47,N47,P47,R47,T47,V47,X47,Z47,AB47,AD47,AF47) -> 2370.5 | G47: =E47-F47 -> 569.17 | H47: =IFERROR(F47/E47,0) -> 0.80638303 | I47: {=IFERROR(LOOKUP(2,1/((MOD(COLUMN($K47:$AG47),2)=1)*($K47:$AG47<>"-")*($K47:$AG47<>"")),$K47:$AG47),"-")} -> Concluída | R47: 2370.5 | S47: Concluída
C48: 117 | D48: mai/jun/jul | E48: 15577.24 | F48: =SUM(J48,L48,N48,P48,R48,T48,V48,X48,Z48,AB48,AD48,AF48) -> 14924.13 | G48: =E48-F48 -> 653.11 | H48: =IFERROR(F48/E48,0) -> 0.9580728 | I48: {=IFERROR(LOOKUP(2,1/((MOD(COLUMN($K48:$AG48),2)=1)*($K48:$AG48<>"-")*($K48:$AG48<>"")),$K48:$AG48),"-")} -> Concluída | R48: 2370.5 | S48: Em andamento | T48: 12553.63 | U48: Concluída
C49: 118 | D49: mai/jun/jul | E49: 59112.09 | F49: =SUM(J49,L49,N49,P49,R49,T49,V49,X49,Z49,AB49,AD49,AF49) -> 58503.1 | G49: =E49-F49 -> 608.99 | H49: =IFERROR(F49/E49,0) -> 0.98969771 | I49: {=IFERROR(LOOKUP(2,1/((MOD(COLUMN($K49:$AG49),2)=1)*($K49:$AG49<>"-")*($K49:$AG49<>"")),$K49:$AG49),"-")} -> Concluída | R49: 4292.02 | S49: Em andamento | T49: 54211.08 | U49: Concluída
C50: 119 | D50: mai/jun/jul | E50: 175856.52 | F50: =SUM(J50,L50,N50,P50,R50,T50,V50,X50,Z50,AB50,AD50,AF50) -> 163530.84 | G50: =E50-F50 -> 12325.68 | H50: =IFERROR(F50/E50,0) -> 0.92991059 | I50: {=IFERROR(LOOKUP(2,1/((MOD(COLUMN($K50:$AG50),2)=1)*($K50:$AG50<>"-")*($K50:$AG50<>"")),$K50:$AG50),"-")} -> Concluída | R50: 163530.84 | S50: Em andamento | U50: Justificada | V50: 0 | W50: Concluída
C51: 120 | D51: jun/jul/ago | E51: 87575.96 | F51: =SUM(J51,L51,N51,P51,R51,T51,V51,X51,Z51,AB51,AD51,AF51) -> 87213.71 | G51: =E51-F51 -> 362.25 | H51: =IFERROR(F51/E51,0) -> 0.99586359 | I51: {=IFERROR(LOOKUP(2,1/((MOD(COLUMN($K51:$AG51),2)=1)*($K51:$AG51<>"-")*($K51:$AG51<>"")),$K51:$AG51),"-")} -> Concluída | T51: 87213.71 | U51: Concluída
C52: 121 | D52: mai/jun/jul | E52: 100565.04 | F52: =SUM(J52,L52,N52,P52,R52,T52,V52,X52,Z52,AB52,AD52,AF52) -> 99435.97 | G52: =E52-F52 -> 1129.07 | H52: =IFERROR(F52/E52,0) -> 0.98877274 | I52: {=IFERROR(LOOKUP(2,1/((MOD(COLUMN($K52:$AG52),2)=1)*($K52:$AG52<>"-")*($K52:$AG52<>"")),$K52:$AG52),"-")} -> Concluída | R52: 79531.51 | S52: Em andamento | T52: 19904.46 | U52: Concluída
C53: 122 | D53: mai/jun/jul | E53: 1195633.1 | F53: =SUM(J53,L53,N53,P53,R53,T53,V53,X53,Z53,AB53,AD53,AF53) -> 1194211.7 | G53: =E53-F53 -> 1421.38 | H53: =IFERROR(F53/E53,0) -> 0.99881119 | I53: {=IFERROR(LOOKUP(2,1/((MOD(COLUMN($K53:$AG53),2)=1)*($K53:$AG53<>"-")*($K53:$AG53<>"")),$K53:$AG53),"-")} -> Concluída | R53: 432322.41 | S53: Em andamento | T53: 761889.31 | U53: Concluída
C54: 123 | D54: mai/jun/jul | E54: 756922.17 | F54: =SUM(J54,L54,N54,P54,R54,T54,V54,X54,Z54,AB54,AD54,AF54) -> 756239.52 | G54: =E54-F54 -> 682.65 | H54: =IFERROR(F54/E54,0) -> 0.99909812 | I54: {=IFERROR(LOOKUP(2,1/((MOD(COLUMN($K54:$AG54),2)=1)*($K54:$AG54<>"-")*($K54:$AG54<>"")),$K54:$AG54),"-")} -> Concluída | S54: Justificada | U54: Justificada | V54: 756239.52 | W54: Concluída
C55: 124 | D55: jun/jul/ago | E55: 149397.29 | F55: =SUM(J55,L55,N55,P55,R55,T55,V55,X55,Z55,AB55,AD55,AF55) -> 148347.86 | G55: =E55-F55 -> 1049.43 | H55: =IFERROR(F55/E55,0) -> 0.99297558 | I55: {=IFERROR(LOOKUP(2,1/((MOD(COLUMN($K55:$AG55),2)=1)*($K55:$AG55<>"-")*($K55:$AG55<>"")),$K55:$AG55),"-")} -> Concluída | T55: 138507.51 | U55: Em andamento | V55: 9840.35 | W55: Concluída
C56: 125 | D56: jun/jul/ago | E56: 107878.55 | F56: =SUM(J56,L56,N56,P56,R56,T56,V56,X56,Z56,AB56,AD56,AF56) -> 106171.62 | G56: =E56-F56 -> 1706.93 | H56: =IFERROR(F56/E56,0) -> 0.9841773 | I56: {=IFERROR(LOOKUP(2,1/((MOD(COLUMN($K56:$AG56),2)=1)*($K56:$AG56<>"-")*($K56:$AG56<>"")),$K56:$AG56),"-")} -> Concluída | T56: 106171.62 | U56: Concluída
C57: 126 | D57: jun/jul/ago | E57: 46047.78 | F57: =SUM(J57,L57,N57,P57,R57,T57,V57,X57,Z57,AB57,AD57,AF57) -> 45239.27 | G57: =E57-F57 -> 808.51 | H57: =IFERROR(F57/E57,0) -> 0.98244193 | I57: {=IFERROR(LOOKUP(2,1/((MOD(COLUMN($K57:$AG57),2)=1)*($K57:$AG57<>"-")*($K57:$AG57<>"")),$K57:$AG57),"-")} -> Concluída | T57: 45239.27 | U57: Concluída
C58: 127 | D58: jun/jul/ago | E58: 41401.66 | F58: =SUM(J58,L58,N58,P58,R58,T58,V58,X58,Z58,AB58,AD58,AF58) -> 40329.12 | G58: =E58-F58 -> 1072.54 | H58: =IFERROR(F58/E58,0) -> 0.97409428 | I58: {=IFERROR(LOOKUP(2,1/((MOD(COLUMN($K58:$AG58),2)=1)*($K58:$AG58<>"-")*($K58:$AG58<>"")),$K58:$AG58),"-")} -> Concluída | T58: 40329.12 | U58: Concluída
C59: 128 | D59: jun/jul/ago | E59: 159130.31 | F59: =SUM(J59,L59,N59,P59,R59,T59,V59,X59,Z59,AB59,AD59,AF59) -> 158408.68 | G59: =E59-F59 -> 721.63 | H59: =IFERROR(F59/E59,0) -> 0.99546516 | I59: {=IFERROR(LOOKUP(2,1/((MOD(COLUMN($K59:$AG59),2)=1)*($K59:$AG59<>"-")*($K59:$AG59<>"")),$K59:$AG59),"-")} -> Concluída | T59: 158408.68 | U59: Concluída
C60: 129 | D60: set/out | E60: 42064.8 | F60: =SUM(J60,L60,N60,P60,R60,T60,V60,X60,Z60,AB60,AD60,AF60) -> 0 | G60: =E60-F60 -> 42064.8 | H60: =IFERROR(F60/E60,0) -> 0 | I60: {=IFERROR(LOOKUP(2,1/((MOD(COLUMN($K60:$AG60),2)=1)*($K60:$AG60<>"-")*($K60:$AG60<>"")),$K60:$AG60),"-")} -> Em elaboração | AA60: Em elaboração
C61: 130 | D61: jul/ago/set | E61: 98704.7 | F61: =SUM(J61,L61,N61,P61,R61,T61,V61,X61,Z61,AB61,AD61,AF61) -> 98697.93 | G61: =E61-F61 -> 6.77 | H61: =IFERROR(F61/E61,0) -> 0.99993141 | I61: {=IFERROR(LOOKUP(2,1/((MOD(COLUMN($K61:$AG61),2)=1)*($K61:$AG61<>"-")*($K61:$AG61<>"")),$K61:$AG61),"-")} -> Concluída | V61: 98697.93 | W61: Concluída
C62: 131 | D62: jul/ago/set | E62: 56637 | F62: =SUM(J62,L62,N62,P62,R62,T62,V62,X62,Z62,AB62,AD62,AF62) -> 0 | G62: =E62-F62 -> 56637 | H62: =IFERROR(F62/E62,0) -> 0 | I62: {=IFERROR(LOOKUP(2,1/((MOD(COLUMN($K62:$AG62),2)=1)*($K62:$AG62<>"-")*($K62:$AG62<>"")),$K62:$AG62),"-")} -> Justificada | W62: Justificada | Y62: Justificada | AA62: Justificada
